libmutter-Message: 12:47:23.428: Running GNOME Shell (using mutter 46.2) as a X11 window and compositing manager

(gnome-shell:725): libmutter-WARNING **: 12:47:23.428: Could not create database of Wacom devices, expect tablets to misbehave
Xlib:  extension "DPMS" missing on display ":36368".
Window manager warning: Impossible to set scaling on crtc 59 to 1.000000, error id 2
Window manager warning: Scalig CRTC 59 at 1.000000 failed

Xlib:  extension "DPMS" missing on display ":36368".
libmutter-Message: 12:47:23.483: KEYBINDINGS: Mouse button modifier has new GSettings value "<Super>"
libmutter-Message: 12:47:23.483: KEYBINDINGS: Ignoring modmask 0x12 scroll lock 0x0 hyper 0x40 super 0x40 meta 0x8
libmutter-Message: 12:47:23.483: KEYBINDINGS: Binding "switch-to-workspace-1" has new GSettings value
libmutter-Message: 12:47:23.483: KEYBINDINGS: Binding "switch-to-workspace-2" has new GSettings value
libmutter-Message: 12:47:23.483: KEYBINDINGS: Binding "switch-to-workspace-3" has new GSettings value
libmutter-Message: 12:47:23.483: KEYBINDINGS: Binding "switch-to-workspace-4" has new GSettings value
libmutter-Message: 12:47:23.483: KEYBINDINGS: Binding "switch-to-workspace-5" has new GSettings value
libmutter-Message: 12:47:23.483: KEYBINDINGS: Binding "switch-to-workspace-6" has new GSettings value
libmutter-Message: 12:47:23.483: KEYBINDINGS: Binding "switch-to-workspace-7" has new GSettings value
libmutter-Message: 12:47:23.483: KEYBINDINGS: Binding "switch-to-workspace-8" has new GSettings value
libmutter-Message: 12:47:23.483: KEYBINDINGS: Binding "switch-to-workspace-9" has new GSettings value
libmutter-Message: 12:47:23.483: KEYBINDINGS: Binding "switch-to-workspace-10" has new GSettings value
libmutter-Message: 12:47:23.483: KEYBINDINGS: Binding "switch-to-workspace-11" has new GSettings value
libmutter-Message: 12:47:23.483: KEYBINDINGS: Binding "switch-to-workspace-12" has new GSettings value
libmutter-Message: 12:47:23.483: KEYBINDINGS: Binding "switch-to-workspace-left" has new GSettings value
libmutter-Message: 12:47:23.483: KEYBINDINGS: Binding "switch-to-workspace-right" has new GSettings value
libmutter-Message: 12:47:23.483: KEYBINDINGS: Binding "switch-to-workspace-up" has new GSettings value
libmutter-Message: 12:47:23.483: KEYBINDINGS: Binding "switch-to-workspace-down" has new GSettings value
libmutter-Message: 12:47:23.483: KEYBINDINGS: Binding "switch-to-workspace-last" has new GSettings value
libmutter-Message: 12:47:23.483: KEYBINDINGS: Binding "switch-group" has new GSettings value
libmutter-Message: 12:47:23.483: KEYBINDINGS: Binding "switch-group-backward" has new GSettings value
libmutter-Message: 12:47:23.483: KEYBINDINGS: Binding "switch-applications" has new GSettings value
libmutter-Message: 12:47:23.483: KEYBINDINGS: Binding "switch-applications-backward" has new GSettings value
libmutter-Message: 12:47:23.483: KEYBINDINGS: Binding "switch-windows" has new GSettings value
libmutter-Message: 12:47:23.483: KEYBINDINGS: Binding "switch-windows-backward" has new GSettings value
libmutter-Message: 12:47:23.483: KEYBINDINGS: Binding "switch-panels" has new GSettings value
libmutter-Message: 12:47:23.483: KEYBINDINGS: Binding "switch-panels-backward" has new GSettings value
libmutter-Message: 12:47:23.483: KEYBINDINGS: Binding "cycle-group" has new GSettings value
libmutter-Message: 12:47:23.483: KEYBINDINGS: Binding "cycle-group-backward" has new GSettings value
libmutter-Message: 12:47:23.483: KEYBINDINGS: Binding "cycle-windows" has new GSettings value
libmutter-Message: 12:47:23.483: KEYBINDINGS: Binding "cycle-windows-backward" has new GSettings value
libmutter-Message: 12:47:23.483: KEYBINDINGS: Binding "cycle-panels" has new GSettings value
libmutter-Message: 12:47:23.483: KEYBINDINGS: Binding "cycle-panels-backward" has new GSettings value
libmutter-Message: 12:47:23.483: KEYBINDINGS: Binding "show-desktop" has new GSettings value
libmutter-Message: 12:47:23.483: KEYBINDINGS: Binding "panel-run-dialog" has new GSettings value
libmutter-Message: 12:47:23.483: KEYBINDINGS: Binding "set-spew-mark" has new GSettings value
libmutter-Message: 12:47:23.483: KEYBINDINGS: Binding "toggle-above" has new GSettings value
libmutter-Message: 12:47:23.483: KEYBINDINGS: Binding "maximize" has new GSettings value
libmutter-Message: 12:47:23.483: KEYBINDINGS: Binding "unmaximize" has new GSettings value
libmutter-Message: 12:47:23.483: KEYBINDINGS: Binding "minimize" has new GSettings value
libmutter-Message: 12:47:23.483: KEYBINDINGS: Binding "close" has new GSettings value
libmutter-Message: 12:47:23.483: KEYBINDINGS: Binding "begin-move" has new GSettings value
libmutter-Message: 12:47:23.483: KEYBINDINGS: Binding "begin-resize" has new GSettings value
libmutter-Message: 12:47:23.483: KEYBINDINGS: Binding "toggle-on-all-workspaces" has new GSettings value
libmutter-Message: 12:47:23.483: KEYBINDINGS: Binding "move-to-workspace-1" has new GSettings value
libmutter-Message: 12:47:23.483: KEYBINDINGS: Binding "move-to-workspace-2" has new GSettings value
libmutter-Message: 12:47:23.483: KEYBINDINGS: Binding "move-to-workspace-3" has new GSettings value
libmutter-Message: 12:47:23.483: KEYBINDINGS: Binding "move-to-workspace-4" has new GSettings value
libmutter-Message: 12:47:23.483: KEYBINDINGS: Binding "move-to-workspace-5" has new GSettings value
libmutter-Message: 12:47:23.483: KEYBINDINGS: Binding "move-to-workspace-6" has new GSettings value
libmutter-Message: 12:47:23.483: KEYBINDINGS: Binding "move-to-workspace-7" has new GSettings value
libmutter-Message: 12:47:23.483: KEYBINDINGS: Binding "move-to-workspace-8" has new GSettings value
libmutter-Message: 12:47:23.483: KEYBINDINGS: Binding "move-to-workspace-9" has new GSettings value
libmutter-Message: 12:47:23.483: KEYBINDINGS: Binding "move-to-workspace-10" has new GSettings value
libmutter-Message: 12:47:23.483: KEYBINDINGS: Binding "move-to-workspace-11" has new GSettings value
libmutter-Message: 12:47:23.483: KEYBINDINGS: Binding "move-to-workspace-12" has new GSettings value
libmutter-Message: 12:47:23.483: KEYBINDINGS: Binding "move-to-workspace-last" has new GSettings value
libmutter-Message: 12:47:23.483: KEYBINDINGS: Binding "move-to-workspace-left" has new GSettings value
libmutter-Message: 12:47:23.483: KEYBINDINGS: Binding "move-to-workspace-right" has new GSettings value
libmutter-Message: 12:47:23.483: KEYBINDINGS: Binding "move-to-workspace-up" has new GSettings value
libmutter-Message: 12:47:23.483: KEYBINDINGS: Binding "move-to-workspace-down" has new GSettings value
libmutter-Message: 12:47:23.483: KEYBINDINGS: Binding "move-to-monitor-left" has new GSettings value
libmutter-Message: 12:47:23.483: KEYBINDINGS: Binding "move-to-monitor-right" has new GSettings value
libmutter-Message: 12:47:23.483: KEYBINDINGS: Binding "move-to-monitor-down" has new GSettings value
libmutter-Message: 12:47:23.483: KEYBINDINGS: Binding "move-to-monitor-up" has new GSettings value
libmutter-Message: 12:47:23.483: KEYBINDINGS: Binding "raise-or-lower" has new GSettings value
libmutter-Message: 12:47:23.483: KEYBINDINGS: Binding "raise" has new GSettings value
libmutter-Message: 12:47:23.483: KEYBINDINGS: Binding "lower" has new GSettings value
libmutter-Message: 12:47:23.483: KEYBINDINGS: Binding "maximize-vertically" has new GSettings value
libmutter-Message: 12:47:23.483: KEYBINDINGS: Binding "maximize-horizontally" has new GSettings value
libmutter-Message: 12:47:23.483: KEYBINDINGS: Binding "always-on-top" has new GSettings value
libmutter-Message: 12:47:23.483: KEYBINDINGS: Binding "move-to-corner-nw" has new GSettings value
libmutter-Message: 12:47:23.483: KEYBINDINGS: Binding "move-to-corner-ne" has new GSettings value
libmutter-Message: 12:47:23.483: KEYBINDINGS: Binding "move-to-corner-sw" has new GSettings value
libmutter-Message: 12:47:23.483: KEYBINDINGS: Binding "move-to-corner-se" has new GSettings value
libmutter-Message: 12:47:23.483: KEYBINDINGS: Binding "move-to-side-n" has new GSettings value
libmutter-Message: 12:47:23.483: KEYBINDINGS: Binding "move-to-side-s" has new GSettings value
libmutter-Message: 12:47:23.483: KEYBINDINGS: Binding "move-to-side-e" has new GSettings value
libmutter-Message: 12:47:23.483: KEYBINDINGS: Binding "move-to-side-w" has new GSettings value
libmutter-Message: 12:47:23.483: KEYBINDINGS: Binding "move-to-center" has new GSettings value
libmutter-Message: 12:47:23.483: KEYBINDINGS: Binding "activate-window-menu" has new GSettings value
libmutter-Message: 12:47:23.483: KEYBINDINGS: Binding "toggle-fullscreen" has new GSettings value
libmutter-Message: 12:47:23.483: KEYBINDINGS: Binding "toggle-maximized" has new GSettings value
libmutter-Message: 12:47:23.483: KEYBINDINGS: Binding "switch-monitor" has new GSettings value
libmutter-Message: 12:47:23.483: KEYBINDINGS: Binding "rotate-monitor" has new GSettings value
libmutter-Message: 12:47:23.483: KEYBINDINGS: Binding "cancel-input-capture" has new GSettings value
libmutter-Message: 12:47:23.483: KEYBINDINGS: Binding "toggle-tiled-left" has new GSettings value
libmutter-Message: 12:47:23.483: KEYBINDINGS: Binding "toggle-tiled-right" has new GSettings value
libmutter-Message: 12:47:23.483: KEYBINDINGS: Binding "restore-shortcuts" has new GSettings value
libmutter-Message: 12:47:23.483: KEYBINDINGS: Rebuilding key binding table from preferences
libmutter-Message: 12:47:23.483: KEYBINDINGS:  60 bindings in table
libmutter-Message: 12:47:23.485: KEYBINDINGS: Grabbing keybinding keycode 133 mask 0x0 on 0x21f
libmutter-Message: 12:47:23.485: KEYBINDINGS: Grabbing keybinding keycode 117 mask 0x40 on 0x21f
libmutter-Message: 12:47:23.485: KEYBINDINGS: Grabbing keybinding keycode 9 mask 0x9 on 0x21f
libmutter-Message: 12:47:23.485: KEYBINDINGS: Grabbing keybinding keycode 49 mask 0x8 on 0x21f
libmutter-Message: 12:47:23.485: KEYBINDINGS: Grabbing keybinding keycode 115 mask 0x40 on 0x21f
libmutter-Message: 12:47:23.485: KEYBINDINGS: Grabbing keybinding keycode 23 mask 0x41 on 0x21f
libmutter-Message: 12:47:23.485: KEYBINDINGS: Grabbing keybinding keycode 114 mask 0x48 on 0x21f
libmutter-Message: 12:47:23.485: KEYBINDINGS: Grabbing keybinding keycode 72 mask 0x8 on 0x21f
libmutter-Message: 12:47:23.485: KEYBINDINGS: Grabbing keybinding keycode 68 mask 0x8 on 0x21f
libmutter-Message: 12:47:23.485: KEYBINDINGS: Grabbing keybinding keycode 113 mask 0x48 on 0x21f
libmutter-Message: 12:47:23.485: KEYBINDINGS: Grabbing keybinding keycode 9 mask 0x40 on 0x21f
libmutter-Message: 12:47:23.486: KEYBINDINGS: Grabbing keybinding keycode 33 mask 0x40 on 0x21f
libmutter-Message: 12:47:23.486: KEYBINDINGS: Grabbing keybinding keycode 23 mask 0xd on 0x21f
libmutter-Message: 12:47:23.486: KEYBINDINGS: Grabbing keybinding keycode 9 mask 0x8 on 0x21f
libmutter-Message: 12:47:23.486: KEYBINDINGS: Grabbing keybinding keycode 114 mask 0xc on 0x21f
libmutter-Message: 12:47:23.486: KEYBINDINGS: Grabbing keybinding keycode 72 mask 0x9 on 0x21f
libmutter-Message: 12:47:23.486: KEYBINDINGS: Grabbing keybinding keycode 9 mask 0x41 on 0x21f
libmutter-Message: 12:47:23.486: KEYBINDINGS: Grabbing keybinding keycode 161 mask 0x0 on 0x21f
libmutter-Message: 12:47:23.486: KEYBINDINGS: Grabbing keybinding keycode 23 mask 0x40 on 0x21f
libmutter-Message: 12:47:23.486: KEYBINDINGS: Grabbing keybinding keycode 9 mask 0xd on 0x21f
libmutter-Message: 12:47:23.486: KEYBINDINGS: Grabbing keybinding keycode 9 mask 0xc on 0x21f
libmutter-Message: 12:47:23.487: KEYBINDINGS: Grabbing keybinding keycode 40 mask 0x40 on 0x21f
libmutter-Message: 12:47:23.487: KEYBINDINGS: Grabbing keybinding keycode 49 mask 0x41 on 0x21f
libmutter-Message: 12:47:23.487: KEYBINDINGS: Grabbing keybinding keycode 49 mask 0x40 on 0x21f
libmutter-Message: 12:47:23.487: KEYBINDINGS: Grabbing keybinding keycode 23 mask 0x9 on 0x21f
libmutter-Message: 12:47:23.487: KEYBINDINGS: Grabbing keybinding keycode 112 mask 0x40 on 0x21f
libmutter-Message: 12:47:23.487: KEYBINDINGS: Grabbing keybinding keycode 110 mask 0x40 on 0x21f
libmutter-Message: 12:47:23.487: KEYBINDINGS: Grabbing keybinding keycode 113 mask 0xc on 0x21f
libmutter-Message: 12:47:23.487: KEYBINDINGS: Grabbing keybinding keycode 23 mask 0x8 on 0x21f
libmutter-Message: 12:47:23.487: KEYBINDINGS: Grabbing keybinding keycode 116 mask 0xc on 0x21f
libmutter-Message: 12:47:23.488: KEYBINDINGS: Grabbing keybinding keycode 235 mask 0x0 on 0x21f
libmutter-Message: 12:47:23.488: KEYBINDINGS: Grabbing keybinding keycode 111 mask 0xc on 0x21f
libmutter-Message: 12:47:23.488: KEYBINDINGS: Grabbing keybinding keycode 23 mask 0xc on 0x21f
libmutter-Message: 12:47:23.488: KEYBINDINGS: Grabbing keybinding keycode 49 mask 0x9 on 0x21f
libmutter-Message: 12:47:23.493: FOCUS: Setting X11 input focus for window none to 0x600003
libmutter-Message: 12:47:23.493: FOCUS: Updating X11 focus window from 0x0 to 0x600003
Xlib:  extension "DPMS" missing on display ":36368".
libmutter-Message: 12:47:23.518: FOCUS: Focus out event received on  0x21f (root window) mode NotifyNormal detail NotifyAncestor serial 253
libmutter-Message: 12:47:23.518: FOCUS: Ignoring focus event generated by a grab or other weirdness
libmutter-Message: 12:47:23.520: WINDOW_STATE: Queueing move-resize for window '0x400003'
libmutter-Message: 12:47:23.520: WINDOW_STATE: Unqueuing move-resize for window '0x400003'
libmutter-Message: 12:47:23.520: WINDOW_STATE: Queueing move-resize for window '0x400003'
libmutter-Message: 12:47:23.520: WINDOW_STATE: Queueing calc-showing for window '0x400003'
libmutter-Message: 12:47:23.520: KEYBINDINGS: Grabbing keybinding keycode 114 mask 0xd on 0x400003
libmutter-Message: 12:47:23.520: KEYBINDINGS: Grabbing keybinding keycode 71 mask 0x8 on 0x400003
libmutter-Message: 12:47:23.520: KEYBINDINGS: Grabbing keybinding keycode 111 mask 0x41 on 0x400003
libmutter-Message: 12:47:23.520: KEYBINDINGS: Grabbing keybinding keycode 73 mask 0x8 on 0x400003
libmutter-Message: 12:47:23.521: KEYBINDINGS: Grabbing keybinding keycode 117 mask 0x41 on 0x400003
libmutter-Message: 12:47:23.521: KEYBINDINGS: Grabbing keybinding keycode 113 mask 0x49 on 0x400003
libmutter-Message: 12:47:23.521: KEYBINDINGS: Grabbing keybinding keycode 74 mask 0x8 on 0x400003
libmutter-Message: 12:47:23.521: KEYBINDINGS: Grabbing keybinding keycode 113 mask 0x41 on 0x400003
libmutter-Message: 12:47:23.521: KEYBINDINGS: Grabbing keybinding keycode 110 mask 0x41 on 0x400003
libmutter-Message: 12:47:23.521: KEYBINDINGS: Grabbing keybinding keycode 113 mask 0x40 on 0x400003
libmutter-Message: 12:47:23.521: KEYBINDINGS: Grabbing keybinding keycode 114 mask 0x40 on 0x400003
libmutter-Message: 12:47:23.521: KEYBINDINGS: Grabbing keybinding keycode 70 mask 0x8 on 0x400003
libmutter-Message: 12:47:23.521: KEYBINDINGS: Grabbing keybinding keycode 113 mask 0xd on 0x400003
libmutter-Message: 12:47:23.521: KEYBINDINGS: Grabbing keybinding keycode 116 mask 0x40 on 0x400003
libmutter-Message: 12:47:23.522: KEYBINDINGS: Grabbing keybinding keycode 115 mask 0x41 on 0x400003
libmutter-Message: 12:47:23.522: KEYBINDINGS: Grabbing keybinding keycode 114 mask 0x49 on 0x400003
libmutter-Message: 12:47:23.522: KEYBINDINGS: Grabbing keybinding keycode 43 mask 0x40 on 0x400003
libmutter-Message: 12:47:23.522: KEYBINDINGS: Grabbing keybinding keycode 114 mask 0x41 on 0x400003
libmutter-Message: 12:47:23.522: KEYBINDINGS: Grabbing keybinding keycode 76 mask 0x8 on 0x400003
libmutter-Message: 12:47:23.522: KEYBINDINGS: Grabbing keybinding keycode 116 mask 0xd on 0x400003
libmutter-Message: 12:47:23.522: KEYBINDINGS: Grabbing keybinding keycode 116 mask 0x41 on 0x400003
libmutter-Message: 12:47:23.522: KEYBINDINGS: Grabbing keybinding keycode 112 mask 0x41 on 0x400003
libmutter-Message: 12:47:23.522: KEYBINDINGS: Grabbing keybinding keycode 111 mask 0xd on 0x400003
libmutter-Message: 12:47:23.523: KEYBINDINGS: Grabbing keybinding keycode 65 mask 0x8 on 0x400003
libmutter-Message: 12:47:23.523: KEYBINDINGS: Grabbing keybinding keycode 111 mask 0x40 on 0x400003
libmutter-Message: 12:47:23.524: WINDOW_STATE: Unqueuing move-resize for window '0x400003'

(gnome-shell:725): libmutter-WARNING **: 12:47:23.524: There is no colord server available
libmutter-Message: 12:47:23.524: KEYBINDINGS: Ungrabbing keybinding keycode 133 mask 0x0 on 0x21f
libmutter-Message: 12:47:23.524: KEYBINDINGS: Ungrabbing keybinding keycode 37 mask 0x0 on 0x21f
libmutter-Message: 12:47:23.525: KEYBINDINGS: Ungrabbing keybinding keycode 117 mask 0x40 on 0x21f
libmutter-Message: 12:47:23.525: KEYBINDINGS: Ungrabbing keybinding keycode 9 mask 0x9 on 0x21f
libmutter-Message: 12:47:23.525: KEYBINDINGS: Ungrabbing keybinding keycode 49 mask 0x8 on 0x21f
libmutter-Message: 12:47:23.525: KEYBINDINGS: Ungrabbing keybinding keycode 115 mask 0x40 on 0x21f
libmutter-Message: 12:47:23.525: KEYBINDINGS: Ungrabbing keybinding keycode 23 mask 0x41 on 0x21f
libmutter-Message: 12:47:23.525: KEYBINDINGS: Ungrabbing keybinding keycode 114 mask 0x48 on 0x21f
libmutter-Message: 12:47:23.525: KEYBINDINGS: Ungrabbing keybinding keycode 72 mask 0x8 on 0x21f
libmutter-Message: 12:47:23.525: KEYBINDINGS: Ungrabbing keybinding keycode 68 mask 0x8 on 0x21f
libmutter-Message: 12:47:23.525: KEYBINDINGS: Ungrabbing keybinding keycode 113 mask 0x48 on 0x21f
libmutter-Message: 12:47:23.526: KEYBINDINGS: Ungrabbing keybinding keycode 9 mask 0x40 on 0x21f
libmutter-Message: 12:47:23.526: KEYBINDINGS: Ungrabbing keybinding keycode 33 mask 0x40 on 0x21f
libmutter-Message: 12:47:23.526: KEYBINDINGS: Ungrabbing keybinding keycode 23 mask 0xd on 0x21f
libmutter-Message: 12:47:23.526: KEYBINDINGS: Ungrabbing keybinding keycode 9 mask 0x8 on 0x21f
libmutter-Message: 12:47:23.526: KEYBINDINGS: Ungrabbing keybinding keycode 114 mask 0xc on 0x21f
libmutter-Message: 12:47:23.526: KEYBINDINGS: Ungrabbing keybinding keycode 72 mask 0x9 on 0x21f
libmutter-Message: 12:47:23.526: KEYBINDINGS: Ungrabbing keybinding keycode 9 mask 0x41 on 0x21f
libmutter-Message: 12:47:23.526: KEYBINDINGS: Ungrabbing keybinding keycode 161 mask 0x0 on 0x21f
libmutter-Message: 12:47:23.526: KEYBINDINGS: Ungrabbing keybinding keycode 23 mask 0x40 on 0x21f
libmutter-Message: 12:47:23.526: KEYBINDINGS: Ungrabbing keybinding keycode 9 mask 0xd on 0x21f
libmutter-Message: 12:47:23.526: KEYBINDINGS: Ungrabbing keybinding keycode 9 mask 0xc on 0x21f
libmutter-Message: 12:47:23.526: KEYBINDINGS: Ungrabbing keybinding keycode 40 mask 0x40 on 0x21f
libmutter-Message: 12:47:23.526: KEYBINDINGS: Ungrabbing keybinding keycode 49 mask 0x41 on 0x21f
libmutter-Message: 12:47:23.526: KEYBINDINGS: Ungrabbing keybinding keycode 49 mask 0x40 on 0x21f
libmutter-Message: 12:47:23.526: KEYBINDINGS: Ungrabbing keybinding keycode 23 mask 0x9 on 0x21f
libmutter-Message: 12:47:23.526: KEYBINDINGS: Ungrabbing keybinding keycode 112 mask 0x40 on 0x21f
libmutter-Message: 12:47:23.526: KEYBINDINGS: Ungrabbing keybinding keycode 110 mask 0x40 on 0x21f
libmutter-Message: 12:47:23.526: KEYBINDINGS: Ungrabbing keybinding keycode 113 mask 0xc on 0x21f
libmutter-Message: 12:47:23.527: KEYBINDINGS: Ungrabbing keybinding keycode 23 mask 0x8 on 0x21f
libmutter-Message: 12:47:23.527: KEYBINDINGS: Ungrabbing keybinding keycode 116 mask 0xc on 0x21f
libmutter-Message: 12:47:23.527: KEYBINDINGS: Ungrabbing keybinding keycode 235 mask 0x0 on 0x21f
libmutter-Message: 12:47:23.527: KEYBINDINGS: Ungrabbing keybinding keycode 111 mask 0xc on 0x21f
libmutter-Message: 12:47:23.527: KEYBINDINGS: Ungrabbing keybinding keycode 23 mask 0xc on 0x21f
libmutter-Message: 12:47:23.527: KEYBINDINGS: Ungrabbing keybinding keycode 49 mask 0x9 on 0x21f
libmutter-Message: 12:47:23.527: KEYBINDINGS: Ungrabbing keybinding keycode 114 mask 0xd on 0x400003
libmutter-Message: 12:47:23.527: KEYBINDINGS: Ungrabbing keybinding keycode 71 mask 0x8 on 0x400003
libmutter-Message: 12:47:23.527: KEYBINDINGS: Ungrabbing keybinding keycode 111 mask 0x41 on 0x400003
libmutter-Message: 12:47:23.527: KEYBINDINGS: Ungrabbing keybinding keycode 73 mask 0x8 on 0x400003
libmutter-Message: 12:47:23.527: KEYBINDINGS: Ungrabbing keybinding keycode 117 mask 0x41 on 0x400003
libmutter-Message: 12:47:23.527: KEYBINDINGS: Ungrabbing keybinding keycode 113 mask 0x49 on 0x400003
libmutter-Message: 12:47:23.527: KEYBINDINGS: Ungrabbing keybinding keycode 74 mask 0x8 on 0x400003
libmutter-Message: 12:47:23.527: KEYBINDINGS: Ungrabbing keybinding keycode 113 mask 0x41 on 0x400003
libmutter-Message: 12:47:23.527: KEYBINDINGS: Ungrabbing keybinding keycode 110 mask 0x41 on 0x400003
libmutter-Message: 12:47:23.527: KEYBINDINGS: Ungrabbing keybinding keycode 113 mask 0x40 on 0x400003
libmutter-Message: 12:47:23.527: KEYBINDINGS: Ungrabbing keybinding keycode 114 mask 0x40 on 0x400003
libmutter-Message: 12:47:23.527: KEYBINDINGS: Ungrabbing keybinding keycode 70 mask 0x8 on 0x400003
libmutter-Message: 12:47:23.527: KEYBINDINGS: Ungrabbing keybinding keycode 113 mask 0xd on 0x400003
libmutter-Message: 12:47:23.527: KEYBINDINGS: Ungrabbing keybinding keycode 116 mask 0x40 on 0x400003
libmutter-Message: 12:47:23.528: KEYBINDINGS: Ungrabbing keybinding keycode 115 mask 0x41 on 0x400003
libmutter-Message: 12:47:23.528: KEYBINDINGS: Ungrabbing keybinding keycode 114 mask 0x49 on 0x400003
libmutter-Message: 12:47:23.528: KEYBINDINGS: Ungrabbing keybinding keycode 43 mask 0x40 on 0x400003
libmutter-Message: 12:47:23.528: KEYBINDINGS: Ungrabbing keybinding keycode 114 mask 0x41 on 0x400003
libmutter-Message: 12:47:23.528: KEYBINDINGS: Ungrabbing keybinding keycode 76 mask 0x8 on 0x400003
libmutter-Message: 12:47:23.528: KEYBINDINGS: Ungrabbing keybinding keycode 116 mask 0xd on 0x400003
libmutter-Message: 12:47:23.528: KEYBINDINGS: Ungrabbing keybinding keycode 116 mask 0x41 on 0x400003
libmutter-Message: 12:47:23.528: KEYBINDINGS: Ungrabbing keybinding keycode 112 mask 0x41 on 0x400003
libmutter-Message: 12:47:23.528: KEYBINDINGS: Ungrabbing keybinding keycode 111 mask 0xd on 0x400003
libmutter-Message: 12:47:23.528: KEYBINDINGS: Ungrabbing keybinding keycode 65 mask 0x8 on 0x400003
libmutter-Message: 12:47:23.528: KEYBINDINGS: Ungrabbing keybinding keycode 111 mask 0x40 on 0x400003
libmutter-Message: 12:47:23.528: KEYBINDINGS: Rebuilding key binding table from preferences
libmutter-Message: 12:47:23.528: KEYBINDINGS:  60 bindings in table
libmutter-Message: 12:47:23.528: KEYBINDINGS: Grabbing keybinding keycode 133 mask 0x0 on 0x21f
libmutter-Message: 12:47:23.528: KEYBINDINGS: Ungrabbing keybinding keycode 37 mask 0x0 on 0x21f
libmutter-Message: 12:47:23.528: KEYBINDINGS: Grabbing keybinding keycode 49 mask 0x8 on 0x21f
libmutter-Message: 12:47:23.528: KEYBINDINGS: Grabbing keybinding keycode 9 mask 0xc on 0x21f
libmutter-Message: 12:47:23.528: KEYBINDINGS: Grabbing keybinding keycode 49 mask 0x40 on 0x21f
libmutter-Message: 12:47:23.529: KEYBINDINGS: Grabbing keybinding keycode 9 mask 0x8 on 0x21f
libmutter-Message: 12:47:23.529: KEYBINDINGS: Grabbing keybinding keycode 9 mask 0x9 on 0x21f
libmutter-Message: 12:47:23.529: KEYBINDINGS: Grabbing keybinding keycode 110 mask 0x40 on 0x21f
libmutter-Message: 12:47:23.529: KEYBINDINGS: Grabbing keybinding keycode 9 mask 0x41 on 0x21f
libmutter-Message: 12:47:23.529: KEYBINDINGS: Grabbing keybinding keycode 40 mask 0x40 on 0x21f
libmutter-Message: 12:47:23.529: KEYBINDINGS: Grabbing keybinding keycode 68 mask 0x8 on 0x21f
libmutter-Message: 12:47:23.529: KEYBINDINGS: Grabbing keybinding keycode 23 mask 0xd on 0x21f
libmutter-Message: 12:47:23.529: KEYBINDINGS: Grabbing keybinding keycode 115 mask 0x40 on 0x21f
libmutter-Message: 12:47:23.529: KEYBINDINGS: Grabbing keybinding keycode 23 mask 0x8 on 0x21f
libmutter-Message: 12:47:23.529: KEYBINDINGS: Grabbing keybinding keycode 23 mask 0x40 on 0x21f
libmutter-Message: 12:47:23.529: KEYBINDINGS: Grabbing keybinding keycode 114 mask 0xc on 0x21f
libmutter-Message: 12:47:23.530: KEYBINDINGS: Grabbing keybinding keycode 111 mask 0xc on 0x21f
libmutter-Message: 12:47:23.530: KEYBINDINGS: Grabbing keybinding keycode 113 mask 0xc on 0x21f
libmutter-Message: 12:47:23.530: KEYBINDINGS: Grabbing keybinding keycode 49 mask 0x41 on 0x21f
libmutter-Message: 12:47:23.530: KEYBINDINGS: Grabbing keybinding keycode 72 mask 0x9 on 0x21f
libmutter-Message: 12:47:23.530: KEYBINDINGS: Grabbing keybinding keycode 117 mask 0x40 on 0x21f
libmutter-Message: 12:47:23.530: KEYBINDINGS: Grabbing keybinding keycode 113 mask 0x48 on 0x21f
libmutter-Message: 12:47:23.530: KEYBINDINGS: Grabbing keybinding keycode 112 mask 0x40 on 0x21f
libmutter-Message: 12:47:23.530: KEYBINDINGS: Grabbing keybinding keycode 114 mask 0x48 on 0x21f
libmutter-Message: 12:47:23.530: KEYBINDINGS: Grabbing keybinding keycode 116 mask 0xc on 0x21f
libmutter-Message: 12:47:23.531: KEYBINDINGS: Grabbing keybinding keycode 9 mask 0xd on 0x21f
libmutter-Message: 12:47:23.531: KEYBINDINGS: Grabbing keybinding keycode 23 mask 0xc on 0x21f
libmutter-Message: 12:47:23.531: KEYBINDINGS: Grabbing keybinding keycode 23 mask 0x9 on 0x21f
libmutter-Message: 12:47:23.531: KEYBINDINGS: Grabbing keybinding keycode 235 mask 0x0 on 0x21f
libmutter-Message: 12:47:23.531: KEYBINDINGS: Grabbing keybinding keycode 33 mask 0x40 on 0x21f
libmutter-Message: 12:47:23.531: KEYBINDINGS: Grabbing keybinding keycode 23 mask 0x41 on 0x21f
libmutter-Message: 12:47:23.531: KEYBINDINGS: Grabbing keybinding keycode 72 mask 0x8 on 0x21f
libmutter-Message: 12:47:23.532: KEYBINDINGS: Grabbing keybinding keycode 161 mask 0x0 on 0x21f
libmutter-Message: 12:47:23.532: KEYBINDINGS: Grabbing keybinding keycode 49 mask 0x9 on 0x21f
libmutter-Message: 12:47:23.532: KEYBINDINGS: Grabbing keybinding keycode 9 mask 0x40 on 0x21f
libmutter-Message: 12:47:23.532: KEYBINDINGS: Grabbing keybinding keycode 114 mask 0xd on 0x400003
libmutter-Message: 12:47:23.532: KEYBINDINGS: Grabbing keybinding keycode 73 mask 0x8 on 0x400003
libmutter-Message: 12:47:23.532: KEYBINDINGS: Grabbing keybinding keycode 116 mask 0xd on 0x400003
libmutter-Message: 12:47:23.532: KEYBINDINGS: Grabbing keybinding keycode 114 mask 0x49 on 0x400003
libmutter-Message: 12:47:23.532: KEYBINDINGS: Grabbing keybinding keycode 117 mask 0x41 on 0x400003
libmutter-Message: 12:47:23.532: KEYBINDINGS: Grabbing keybinding keycode 74 mask 0x8 on 0x400003
libmutter-Message: 12:47:23.533: KEYBINDINGS: Grabbing keybinding keycode 113 mask 0xd on 0x400003
libmutter-Message: 12:47:23.533: KEYBINDINGS: Grabbing keybinding keycode 112 mask 0x41 on 0x400003
libmutter-Message: 12:47:23.533: KEYBINDINGS: Grabbing keybinding keycode 113 mask 0x49 on 0x400003
libmutter-Message: 12:47:23.533: KEYBINDINGS: Grabbing keybinding keycode 113 mask 0x41 on 0x400003
libmutter-Message: 12:47:23.533: KEYBINDINGS: Grabbing keybinding keycode 111 mask 0x41 on 0x400003
libmutter-Message: 12:47:23.533: KEYBINDINGS: Grabbing keybinding keycode 43 mask 0x40 on 0x400003
libmutter-Message: 12:47:23.533: KEYBINDINGS: Grabbing keybinding keycode 111 mask 0x40 on 0x400003
libmutter-Message: 12:47:23.533: KEYBINDINGS: Grabbing keybinding keycode 70 mask 0x8 on 0x400003
libmutter-Message: 12:47:23.534: KEYBINDINGS: Grabbing keybinding keycode 65 mask 0x8 on 0x400003
libmutter-Message: 12:47:23.534: KEYBINDINGS: Grabbing keybinding keycode 114 mask 0x40 on 0x400003
libmutter-Message: 12:47:23.534: KEYBINDINGS: Grabbing keybinding keycode 71 mask 0x8 on 0x400003
libmutter-Message: 12:47:23.534: KEYBINDINGS: Grabbing keybinding keycode 114 mask 0x41 on 0x400003
libmutter-Message: 12:47:23.534: KEYBINDINGS: Grabbing keybinding keycode 116 mask 0x40 on 0x400003
libmutter-Message: 12:47:23.534: KEYBINDINGS: Grabbing keybinding keycode 110 mask 0x41 on 0x400003
libmutter-Message: 12:47:23.534: KEYBINDINGS: Grabbing keybinding keycode 113 mask 0x40 on 0x400003
libmutter-Message: 12:47:23.534: KEYBINDINGS: Grabbing keybinding keycode 116 mask 0x41 on 0x400003
libmutter-Message: 12:47:23.534: KEYBINDINGS: Grabbing keybinding keycode 115 mask 0x41 on 0x400003
libmutter-Message: 12:47:23.534: KEYBINDINGS: Grabbing keybinding keycode 111 mask 0xd on 0x400003
libmutter-Message: 12:47:23.534: KEYBINDINGS: Grabbing keybinding keycode 76 mask 0x8 on 0x400003
libmutter-Message: 12:47:23.683: KEYBINDINGS: Binding "toggle-message-tray" has new GSettings value
libmutter-Message: 12:47:23.683: KEYBINDINGS: Binding "toggle-quick-settings" has new GSettings value
libmutter-Message: 12:47:23.683: KEYBINDINGS: Binding "switch-to-application-1" has new GSettings value
libmutter-Message: 12:47:23.683: KEYBINDINGS: Binding "switch-to-application-2" has new GSettings value
libmutter-Message: 12:47:23.683: KEYBINDINGS: Binding "switch-to-application-3" has new GSettings value
libmutter-Message: 12:47:23.683: KEYBINDINGS: Binding "switch-to-application-4" has new GSettings value
libmutter-Message: 12:47:23.683: KEYBINDINGS: Binding "switch-to-application-5" has new GSettings value
libmutter-Message: 12:47:23.683: KEYBINDINGS: Binding "switch-to-application-6" has new GSettings value
libmutter-Message: 12:47:23.683: KEYBINDINGS: Binding "switch-to-application-7" has new GSettings value
libmutter-Message: 12:47:23.683: KEYBINDINGS: Binding "switch-to-application-8" has new GSettings value
libmutter-Message: 12:47:23.683: KEYBINDINGS: Binding "switch-to-application-9" has new GSettings value
libmutter-Message: 12:47:23.683: KEYBINDINGS: Binding "open-new-window-application-1" has new GSettings value
libmutter-Message: 12:47:23.683: KEYBINDINGS: Binding "open-new-window-application-2" has new GSettings value
libmutter-Message: 12:47:23.683: KEYBINDINGS: Binding "open-new-window-application-3" has new GSettings value
libmutter-Message: 12:47:23.683: KEYBINDINGS: Binding "open-new-window-application-4" has new GSettings value
libmutter-Message: 12:47:23.683: KEYBINDINGS: Binding "open-new-window-application-5" has new GSettings value
libmutter-Message: 12:47:23.683: KEYBINDINGS: Binding "open-new-window-application-6" has new GSettings value
libmutter-Message: 12:47:23.683: KEYBINDINGS: Binding "open-new-window-application-7" has new GSettings value
libmutter-Message: 12:47:23.683: KEYBINDINGS: Binding "open-new-window-application-8" has new GSettings value
libmutter-Message: 12:47:23.683: KEYBINDINGS: Binding "open-new-window-application-9" has new GSettings value
libmutter-Message: 12:47:23.686: KEYBINDINGS: Binding "switch-input-source" has new GSettings value
libmutter-Message: 12:47:23.686: KEYBINDINGS: Binding "switch-input-source-backward" has new GSettings value
libmutter-Message: 12:47:23.701: KEYBINDINGS: Binding "show-screenshot-ui" has new GSettings value
libmutter-Message: 12:47:23.701: KEYBINDINGS: Binding "show-screen-recording-ui" has new GSettings value
libmutter-Message: 12:47:23.701: KEYBINDINGS: Binding "screenshot-window" has new GSettings value
libmutter-Message: 12:47:23.701: KEYBINDINGS: Binding "screenshot" has new GSettings value
libmutter-Message: 12:47:23.703: KEYBINDINGS: Binding "focus-active-notification" has new GSettings value
libmutter-Message: 12:47:23.778: KEYBINDINGS: Binding "toggle-application-view" has new GSettings value
libmutter-Message: 12:47:23.778: KEYBINDINGS: Binding "shift-overview-up" has new GSettings value
libmutter-Message: 12:47:23.778: KEYBINDINGS: Binding "shift-overview-down" has new GSettings value
libmutter-Message: 12:47:23.779: KEYBINDINGS: Binding "toggle-overview" has new GSettings value
GNOME Shell-Message: 12:47:23.783: Extension ding@rastersoft.com already installed in /home/ir4runner/.cache/syspane/campaign-229a498/linux-x64-gcc13/GNOME-FOCUS-BASELINE-01-91e9a22e9646455582e2ec7c8d880f23/data/gnome-shell/extensions/ding@rastersoft.com. /home/ir4runner/.cache/syspane/campaign-229a498/linux-x64-gcc13/gnome-lab/sysroot/usr/share/gnome-shell/extensions/ding@rastersoft.com will not be loaded
libmutter-Message: 12:47:23.783: KEYBINDINGS: Ungrabbing keybinding keycode 133 mask 0x0 on 0x21f
libmutter-Message: 12:47:23.783: KEYBINDINGS: Ungrabbing keybinding keycode 37 mask 0x0 on 0x21f
libmutter-Message: 12:47:23.783: KEYBINDINGS: Ungrabbing keybinding keycode 49 mask 0x8 on 0x21f
libmutter-Message: 12:47:23.783: KEYBINDINGS: Ungrabbing keybinding keycode 9 mask 0xc on 0x21f
libmutter-Message: 12:47:23.784: KEYBINDINGS: Ungrabbing keybinding keycode 49 mask 0x40 on 0x21f
libmutter-Message: 12:47:23.784: KEYBINDINGS: Ungrabbing keybinding keycode 9 mask 0x8 on 0x21f
libmutter-Message: 12:47:23.784: KEYBINDINGS: Ungrabbing keybinding keycode 9 mask 0x9 on 0x21f
libmutter-Message: 12:47:23.784: KEYBINDINGS: Ungrabbing keybinding keycode 110 mask 0x40 on 0x21f
libmutter-Message: 12:47:23.784: KEYBINDINGS: Ungrabbing keybinding keycode 9 mask 0x41 on 0x21f
libmutter-Message: 12:47:23.784: KEYBINDINGS: Ungrabbing keybinding keycode 40 mask 0x40 on 0x21f
libmutter-Message: 12:47:23.784: KEYBINDINGS: Ungrabbing keybinding keycode 68 mask 0x8 on 0x21f
libmutter-Message: 12:47:23.784: KEYBINDINGS: Ungrabbing keybinding keycode 23 mask 0xd on 0x21f
libmutter-Message: 12:47:23.784: KEYBINDINGS: Ungrabbing keybinding keycode 115 mask 0x40 on 0x21f
libmutter-Message: 12:47:23.784: KEYBINDINGS: Ungrabbing keybinding keycode 23 mask 0x8 on 0x21f
libmutter-Message: 12:47:23.784: KEYBINDINGS: Ungrabbing keybinding keycode 23 mask 0x40 on 0x21f
libmutter-Message: 12:47:23.784: KEYBINDINGS: Ungrabbing keybinding keycode 114 mask 0xc on 0x21f
libmutter-Message: 12:47:23.785: KEYBINDINGS: Ungrabbing keybinding keycode 111 mask 0xc on 0x21f
libmutter-Message: 12:47:23.785: KEYBINDINGS: Ungrabbing keybinding keycode 113 mask 0xc on 0x21f
libmutter-Message: 12:47:23.785: KEYBINDINGS: Ungrabbing keybinding keycode 49 mask 0x41 on 0x21f
libmutter-Message: 12:47:23.785: KEYBINDINGS: Ungrabbing keybinding keycode 72 mask 0x9 on 0x21f
libmutter-Message: 12:47:23.785: KEYBINDINGS: Ungrabbing keybinding keycode 117 mask 0x40 on 0x21f
libmutter-Message: 12:47:23.785: KEYBINDINGS: Ungrabbing keybinding keycode 113 mask 0x48 on 0x21f
libmutter-Message: 12:47:23.785: KEYBINDINGS: Ungrabbing keybinding keycode 112 mask 0x40 on 0x21f
libmutter-Message: 12:47:23.785: KEYBINDINGS: Ungrabbing keybinding keycode 114 mask 0x48 on 0x21f
libmutter-Message: 12:47:23.785: KEYBINDINGS: Ungrabbing keybinding keycode 116 mask 0xc on 0x21f
libmutter-Message: 12:47:23.785: KEYBINDINGS: Ungrabbing keybinding keycode 9 mask 0xd on 0x21f
libmutter-Message: 12:47:23.785: KEYBINDINGS: Ungrabbing keybinding keycode 23 mask 0xc on 0x21f
libmutter-Message: 12:47:23.785: KEYBINDINGS: Ungrabbing keybinding keycode 23 mask 0x9 on 0x21f
libmutter-Message: 12:47:23.785: KEYBINDINGS: Ungrabbing keybinding keycode 235 mask 0x0 on 0x21f
libmutter-Message: 12:47:23.785: KEYBINDINGS: Ungrabbing keybinding keycode 33 mask 0x40 on 0x21f
libmutter-Message: 12:47:23.785: KEYBINDINGS: Ungrabbing keybinding keycode 23 mask 0x41 on 0x21f
libmutter-Message: 12:47:23.785: KEYBINDINGS: Ungrabbing keybinding keycode 72 mask 0x8 on 0x21f
libmutter-Message: 12:47:23.785: KEYBINDINGS: Ungrabbing keybinding keycode 161 mask 0x0 on 0x21f
libmutter-Message: 12:47:23.785: KEYBINDINGS: Ungrabbing keybinding keycode 49 mask 0x9 on 0x21f
libmutter-Message: 12:47:23.785: KEYBINDINGS: Ungrabbing keybinding keycode 9 mask 0x40 on 0x21f
libmutter-Message: 12:47:23.786: KEYBINDINGS: Ungrabbing keybinding keycode 114 mask 0xd on 0x400003
libmutter-Message: 12:47:23.786: KEYBINDINGS: Ungrabbing keybinding keycode 73 mask 0x8 on 0x400003
libmutter-Message: 12:47:23.786: KEYBINDINGS: Ungrabbing keybinding keycode 116 mask 0xd on 0x400003
libmutter-Message: 12:47:23.786: KEYBINDINGS: Ungrabbing keybinding keycode 114 mask 0x49 on 0x400003
libmutter-Message: 12:47:23.786: KEYBINDINGS: Ungrabbing keybinding keycode 117 mask 0x41 on 0x400003
libmutter-Message: 12:47:23.786: KEYBINDINGS: Ungrabbing keybinding keycode 74 mask 0x8 on 0x400003
libmutter-Message: 12:47:23.786: KEYBINDINGS: Ungrabbing keybinding keycode 113 mask 0xd on 0x400003
libmutter-Message: 12:47:23.786: KEYBINDINGS: Ungrabbing keybinding keycode 112 mask 0x41 on 0x400003
libmutter-Message: 12:47:23.786: KEYBINDINGS: Ungrabbing keybinding keycode 113 mask 0x49 on 0x400003
libmutter-Message: 12:47:23.786: KEYBINDINGS: Ungrabbing keybinding keycode 113 mask 0x41 on 0x400003
libmutter-Message: 12:47:23.786: KEYBINDINGS: Ungrabbing keybinding keycode 111 mask 0x41 on 0x400003
libmutter-Message: 12:47:23.786: KEYBINDINGS: Ungrabbing keybinding keycode 43 mask 0x40 on 0x400003
libmutter-Message: 12:47:23.786: KEYBINDINGS: Ungrabbing keybinding keycode 111 mask 0x40 on 0x400003
libmutter-Message: 12:47:23.786: KEYBINDINGS: Ungrabbing keybinding keycode 70 mask 0x8 on 0x400003
libmutter-Message: 12:47:23.786: KEYBINDINGS: Ungrabbing keybinding keycode 65 mask 0x8 on 0x400003
libmutter-Message: 12:47:23.786: KEYBINDINGS: Ungrabbing keybinding keycode 114 mask 0x40 on 0x400003
libmutter-Message: 12:47:23.786: KEYBINDINGS: Ungrabbing keybinding keycode 71 mask 0x8 on 0x400003
libmutter-Message: 12:47:23.786: KEYBINDINGS: Ungrabbing keybinding keycode 114 mask 0x41 on 0x400003
libmutter-Message: 12:47:23.786: KEYBINDINGS: Ungrabbing keybinding keycode 116 mask 0x40 on 0x400003
libmutter-Message: 12:47:23.787: KEYBINDINGS: Ungrabbing keybinding keycode 110 mask 0x41 on 0x400003
libmutter-Message: 12:47:23.787: KEYBINDINGS: Ungrabbing keybinding keycode 113 mask 0x40 on 0x400003
libmutter-Message: 12:47:23.787: KEYBINDINGS: Ungrabbing keybinding keycode 116 mask 0x41 on 0x400003
libmutter-Message: 12:47:23.787: KEYBINDINGS: Ungrabbing keybinding keycode 115 mask 0x41 on 0x400003
libmutter-Message: 12:47:23.787: KEYBINDINGS: Ungrabbing keybinding keycode 111 mask 0xd on 0x400003
libmutter-Message: 12:47:23.787: KEYBINDINGS: Ungrabbing keybinding keycode 76 mask 0x8 on 0x400003
libmutter-Message: 12:47:23.787: KEYBINDINGS: Ignoring modmask 0x12 scroll lock 0x0 hyper 0x40 super 0x40 meta 0x8
libmutter-Message: 12:47:23.787: KEYBINDINGS: Grabbing keybinding keycode 133 mask 0x0 on 0x21f
libmutter-Message: 12:47:23.787: KEYBINDINGS: Ungrabbing keybinding keycode 37 mask 0x0 on 0x21f
libmutter-Message: 12:47:23.787: KEYBINDINGS: Grabbing keybinding keycode 49 mask 0x8 on 0x21f
libmutter-Message: 12:47:23.787: KEYBINDINGS: Grabbing keybinding keycode 9 mask 0xc on 0x21f
libmutter-Message: 12:47:23.788: KEYBINDINGS: Grabbing keybinding keycode 49 mask 0x40 on 0x21f
libmutter-Message: 12:47:23.788: KEYBINDINGS: Grabbing keybinding keycode 9 mask 0x8 on 0x21f
libmutter-Message: 12:47:23.788: KEYBINDINGS: Grabbing keybinding keycode 9 mask 0x9 on 0x21f
libmutter-Message: 12:47:23.788: KEYBINDINGS: Grabbing keybinding keycode 110 mask 0x40 on 0x21f
libmutter-Message: 12:47:23.788: KEYBINDINGS: Grabbing keybinding keycode 9 mask 0x41 on 0x21f
libmutter-Message: 12:47:23.788: KEYBINDINGS: Grabbing keybinding keycode 40 mask 0x40 on 0x21f
libmutter-Message: 12:47:23.788: KEYBINDINGS: Grabbing keybinding keycode 68 mask 0x8 on 0x21f
libmutter-Message: 12:47:23.788: KEYBINDINGS: Grabbing keybinding keycode 23 mask 0xd on 0x21f
libmutter-Message: 12:47:23.788: KEYBINDINGS: Grabbing keybinding keycode 115 mask 0x40 on 0x21f
libmutter-Message: 12:47:23.788: KEYBINDINGS: Grabbing keybinding keycode 23 mask 0x8 on 0x21f
libmutter-Message: 12:47:23.788: KEYBINDINGS: Grabbing keybinding keycode 23 mask 0x40 on 0x21f
libmutter-Message: 12:47:23.788: KEYBINDINGS: Grabbing keybinding keycode 114 mask 0xc on 0x21f
libmutter-Message: 12:47:23.789: KEYBINDINGS: Grabbing keybinding keycode 111 mask 0xc on 0x21f
libmutter-Message: 12:47:23.789: KEYBINDINGS: Grabbing keybinding keycode 113 mask 0xc on 0x21f
libmutter-Message: 12:47:23.789: KEYBINDINGS: Grabbing keybinding keycode 49 mask 0x41 on 0x21f
libmutter-Message: 12:47:23.789: KEYBINDINGS: Grabbing keybinding keycode 72 mask 0x9 on 0x21f
libmutter-Message: 12:47:23.789: KEYBINDINGS: Grabbing keybinding keycode 117 mask 0x40 on 0x21f
libmutter-Message: 12:47:23.789: KEYBINDINGS: Grabbing keybinding keycode 113 mask 0x48 on 0x21f
libmutter-Message: 12:47:23.789: KEYBINDINGS: Grabbing keybinding keycode 112 mask 0x40 on 0x21f
libmutter-Message: 12:47:23.789: KEYBINDINGS: Grabbing keybinding keycode 114 mask 0x48 on 0x21f
libmutter-Message: 12:47:23.789: KEYBINDINGS: Grabbing keybinding keycode 116 mask 0xc on 0x21f
libmutter-Message: 12:47:23.789: KEYBINDINGS: Grabbing keybinding keycode 9 mask 0xd on 0x21f
libmutter-Message: 12:47:23.790: KEYBINDINGS: Grabbing keybinding keycode 23 mask 0xc on 0x21f
libmutter-Message: 12:47:23.790: KEYBINDINGS: Grabbing keybinding keycode 23 mask 0x9 on 0x21f
libmutter-Message: 12:47:23.790: KEYBINDINGS: Grabbing keybinding keycode 235 mask 0x0 on 0x21f
libmutter-Message: 12:47:23.790: KEYBINDINGS: Grabbing keybinding keycode 33 mask 0x40 on 0x21f
libmutter-Message: 12:47:23.790: KEYBINDINGS: Grabbing keybinding keycode 23 mask 0x41 on 0x21f
libmutter-Message: 12:47:23.790: KEYBINDINGS: Grabbing keybinding keycode 72 mask 0x8 on 0x21f
libmutter-Message: 12:47:23.790: KEYBINDINGS: Grabbing keybinding keycode 161 mask 0x0 on 0x21f
libmutter-Message: 12:47:23.791: KEYBINDINGS: Grabbing keybinding keycode 49 mask 0x9 on 0x21f
libmutter-Message: 12:47:23.791: KEYBINDINGS: Grabbing keybinding keycode 9 mask 0x40 on 0x21f
libmutter-Message: 12:47:23.791: KEYBINDINGS: Grabbing keybinding keycode 114 mask 0xd on 0x400003
libmutter-Message: 12:47:23.791: KEYBINDINGS: Grabbing keybinding keycode 73 mask 0x8 on 0x400003
libmutter-Message: 12:47:23.791: KEYBINDINGS: Grabbing keybinding keycode 116 mask 0xd on 0x400003
libmutter-Message: 12:47:23.791: KEYBINDINGS: Grabbing keybinding keycode 114 mask 0x49 on 0x400003
libmutter-Message: 12:47:23.791: KEYBINDINGS: Grabbing keybinding keycode 117 mask 0x41 on 0x400003
libmutter-Message: 12:47:23.791: KEYBINDINGS: Grabbing keybinding keycode 74 mask 0x8 on 0x400003
libmutter-Message: 12:47:23.791: KEYBINDINGS: Grabbing keybinding keycode 113 mask 0xd on 0x400003
libmutter-Message: 12:47:23.791: KEYBINDINGS: Grabbing keybinding keycode 112 mask 0x41 on 0x400003
libmutter-Message: 12:47:23.791: KEYBINDINGS: Grabbing keybinding keycode 113 mask 0x49 on 0x400003
libmutter-Message: 12:47:23.792: KEYBINDINGS: Grabbing keybinding keycode 113 mask 0x41 on 0x400003
libmutter-Message: 12:47:23.792: KEYBINDINGS: Grabbing keybinding keycode 111 mask 0x41 on 0x400003
libmutter-Message: 12:47:23.792: KEYBINDINGS: Grabbing keybinding keycode 43 mask 0x40 on 0x400003
libmutter-Message: 12:47:23.792: KEYBINDINGS: Grabbing keybinding keycode 111 mask 0x40 on 0x400003
libmutter-Message: 12:47:23.792: KEYBINDINGS: Grabbing keybinding keycode 70 mask 0x8 on 0x400003
libmutter-Message: 12:47:23.792: KEYBINDINGS: Grabbing keybinding keycode 65 mask 0x8 on 0x400003
libmutter-Message: 12:47:23.792: KEYBINDINGS: Grabbing keybinding keycode 114 mask 0x40 on 0x400003
libmutter-Message: 12:47:23.792: KEYBINDINGS: Grabbing keybinding keycode 71 mask 0x8 on 0x400003
libmutter-Message: 12:47:23.792: KEYBINDINGS: Grabbing keybinding keycode 114 mask 0x41 on 0x400003
libmutter-Message: 12:47:23.793: KEYBINDINGS: Grabbing keybinding keycode 116 mask 0x40 on 0x400003
libmutter-Message: 12:47:23.793: KEYBINDINGS: Grabbing keybinding keycode 110 mask 0x41 on 0x400003
libmutter-Message: 12:47:23.793: KEYBINDINGS: Grabbing keybinding keycode 113 mask 0x40 on 0x400003
libmutter-Message: 12:47:23.793: KEYBINDINGS: Grabbing keybinding keycode 116 mask 0x41 on 0x400003
libmutter-Message: 12:47:23.793: KEYBINDINGS: Grabbing keybinding keycode 115 mask 0x41 on 0x400003
libmutter-Message: 12:47:23.793: KEYBINDINGS: Grabbing keybinding keycode 111 mask 0xd on 0x400003
libmutter-Message: 12:47:23.793: KEYBINDINGS: Grabbing keybinding keycode 76 mask 0x8 on 0x400003
GNOME Shell-Message: 12:47:23.799: Failed to launch ibus-daemon: Failed to execute child process “ibus-daemon” (No such file or directory)

(gnome-shell:725): GNOME Shell-CRITICAL **: 12:47:23.806: Gio.DBusError: GDBus.Error:org.freedesktop.DBus.Error.ServiceUnknown: The name org.gnome.Shell.CalendarServer was not provided by any .service files

Stack trace:
  asyncCallback@resource:///org/gnome/gjs/modules/core/overrides/Gio.js:114:23
  @resource:///org/gnome/shell/ui/init.js:21:20
  

(gnome-shell:725): GNOME Shell-CRITICAL **: 12:47:23.806: Gio.DBusError: GDBus.Error:org.freedesktop.DBus.Error.ServiceUnknown: The name org.gnome.Shell.CalendarServer was not provided by any .service files

Stack trace:
  asyncCallback@resource:///org/gnome/gjs/modules/core/overrides/Gio.js:114:23
  @resource:///org/gnome/shell/ui/init.js:21:20
  
GNOME Shell-Message: 12:47:23.812: Failed to register AuthenticationAgent

(gnome-shell:725): accountsservice-WARNING **: 12:47:23.837: ActUserManager: user (null) has no username (uid: -1)
GNOME Shell-Message: 12:47:23.837: No permission to control network connections: Gio.DBusError: GDBus.Error:org.freedesktop.DBus.Error.ServiceUnknown: The name org.freedesktop.PolicyKit1 was not provided by any .service files

(gnome-shell:725): GNOME Shell-WARNING **: 12:47:23.842: Missing required core component Settings, expect trouble…
[E] pw.loop [loop.c:67 pw_loop_new()] 0x5e6cc5b5d3b0: can't make support.system handle: No such file or directory
** Message: 12:47:23.843: Failed to start camera monitor
GNOME Shell-Message: 12:47:23.859: Failed to get PolKit permission: Gio.DBusError: GDBus.Error:org.freedesktop.DBus.Error.ServiceUnknown: The name org.freedesktop.PolicyKit1 was not provided by any .service files
GNOME Shell-Message: 12:47:23.860: GDBus.Error:org.freedesktop.DBus.Error.ServiceUnknown: The name org.freedesktop.GeoClue2 was not provided by any .service files
libmutter-Message: 12:47:23.860: KEYBINDINGS: Ungrabbing keybinding keycode 133 mask 0x0 on 0x21f
libmutter-Message: 12:47:23.860: KEYBINDINGS: Ungrabbing keybinding keycode 37 mask 0x0 on 0x21f
libmutter-Message: 12:47:23.860: KEYBINDINGS: Ungrabbing keybinding keycode 49 mask 0x8 on 0x21f
libmutter-Message: 12:47:23.860: KEYBINDINGS: Ungrabbing keybinding keycode 9 mask 0xc on 0x21f
libmutter-Message: 12:47:23.860: KEYBINDINGS: Ungrabbing keybinding keycode 49 mask 0x40 on 0x21f
libmutter-Message: 12:47:23.860: KEYBINDINGS: Ungrabbing keybinding keycode 9 mask 0x8 on 0x21f
libmutter-Message: 12:47:23.860: KEYBINDINGS: Ungrabbing keybinding keycode 9 mask 0x9 on 0x21f
libmutter-Message: 12:47:23.860: KEYBINDINGS: Ungrabbing keybinding keycode 110 mask 0x40 on 0x21f
libmutter-Message: 12:47:23.861: KEYBINDINGS: Ungrabbing keybinding keycode 9 mask 0x41 on 0x21f
libmutter-Message: 12:47:23.861: KEYBINDINGS: Ungrabbing keybinding keycode 40 mask 0x40 on 0x21f
libmutter-Message: 12:47:23.861: KEYBINDINGS: Ungrabbing keybinding keycode 68 mask 0x8 on 0x21f
libmutter-Message: 12:47:23.861: KEYBINDINGS: Ungrabbing keybinding keycode 23 mask 0xd on 0x21f
libmutter-Message: 12:47:23.861: KEYBINDINGS: Ungrabbing keybinding keycode 115 mask 0x40 on 0x21f
libmutter-Message: 12:47:23.861: KEYBINDINGS: Ungrabbing keybinding keycode 23 mask 0x8 on 0x21f
libmutter-Message: 12:47:23.861: KEYBINDINGS: Ungrabbing keybinding keycode 23 mask 0x40 on 0x21f
libmutter-Message: 12:47:23.861: KEYBINDINGS: Ungrabbing keybinding keycode 114 mask 0xc on 0x21f
libmutter-Message: 12:47:23.861: KEYBINDINGS: Ungrabbing keybinding keycode 111 mask 0xc on 0x21f
libmutter-Message: 12:47:23.861: KEYBINDINGS: Ungrabbing keybinding keycode 113 mask 0xc on 0x21f
libmutter-Message: 12:47:23.861: KEYBINDINGS: Ungrabbing keybinding keycode 49 mask 0x41 on 0x21f
libmutter-Message: 12:47:23.861: KEYBINDINGS: Ungrabbing keybinding keycode 72 mask 0x9 on 0x21f
libmutter-Message: 12:47:23.861: KEYBINDINGS: Ungrabbing keybinding keycode 117 mask 0x40 on 0x21f
libmutter-Message: 12:47:23.862: KEYBINDINGS: Ungrabbing keybinding keycode 113 mask 0x48 on 0x21f
libmutter-Message: 12:47:23.862: KEYBINDINGS: Ungrabbing keybinding keycode 112 mask 0x40 on 0x21f
libmutter-Message: 12:47:23.862: KEYBINDINGS: Ungrabbing keybinding keycode 114 mask 0x48 on 0x21f
libmutter-Message: 12:47:23.862: KEYBINDINGS: Ungrabbing keybinding keycode 116 mask 0xc on 0x21f
libmutter-Message: 12:47:23.862: KEYBINDINGS: Ungrabbing keybinding keycode 9 mask 0xd on 0x21f
libmutter-Message: 12:47:23.862: KEYBINDINGS: Ungrabbing keybinding keycode 23 mask 0xc on 0x21f
libmutter-Message: 12:47:23.862: KEYBINDINGS: Ungrabbing keybinding keycode 23 mask 0x9 on 0x21f
libmutter-Message: 12:47:23.862: KEYBINDINGS: Ungrabbing keybinding keycode 235 mask 0x0 on 0x21f
libmutter-Message: 12:47:23.862: KEYBINDINGS: Ungrabbing keybinding keycode 33 mask 0x40 on 0x21f
libmutter-Message: 12:47:23.862: KEYBINDINGS: Ungrabbing keybinding keycode 23 mask 0x41 on 0x21f
libmutter-Message: 12:47:23.862: KEYBINDINGS: Ungrabbing keybinding keycode 72 mask 0x8 on 0x21f
libmutter-Message: 12:47:23.862: KEYBINDINGS: Ungrabbing keybinding keycode 161 mask 0x0 on 0x21f
libmutter-Message: 12:47:23.862: KEYBINDINGS: Ungrabbing keybinding keycode 49 mask 0x9 on 0x21f
libmutter-Message: 12:47:23.862: KEYBINDINGS: Ungrabbing keybinding keycode 9 mask 0x40 on 0x21f
libmutter-Message: 12:47:23.862: KEYBINDINGS: Ungrabbing keybinding keycode 114 mask 0xd on 0x400003
libmutter-Message: 12:47:23.862: KEYBINDINGS: Ungrabbing keybinding keycode 73 mask 0x8 on 0x400003
libmutter-Message: 12:47:23.862: KEYBINDINGS: Ungrabbing keybinding keycode 116 mask 0xd on 0x400003
libmutter-Message: 12:47:23.862: KEYBINDINGS: Ungrabbing keybinding keycode 114 mask 0x49 on 0x400003
libmutter-Message: 12:47:23.862: KEYBINDINGS: Ungrabbing keybinding keycode 117 mask 0x41 on 0x400003
libmutter-Message: 12:47:23.862: KEYBINDINGS: Ungrabbing keybinding keycode 74 mask 0x8 on 0x400003
libmutter-Message: 12:47:23.863: KEYBINDINGS: Ungrabbing keybinding keycode 113 mask 0xd on 0x400003
libmutter-Message: 12:47:23.863: KEYBINDINGS: Ungrabbing keybinding keycode 112 mask 0x41 on 0x400003
libmutter-Message: 12:47:23.863: KEYBINDINGS: Ungrabbing keybinding keycode 113 mask 0x49 on 0x400003
libmutter-Message: 12:47:23.863: KEYBINDINGS: Ungrabbing keybinding keycode 113 mask 0x41 on 0x400003
libmutter-Message: 12:47:23.863: KEYBINDINGS: Ungrabbing keybinding keycode 111 mask 0x41 on 0x400003
libmutter-Message: 12:47:23.863: KEYBINDINGS: Ungrabbing keybinding keycode 43 mask 0x40 on 0x400003
libmutter-Message: 12:47:23.863: KEYBINDINGS: Ungrabbing keybinding keycode 111 mask 0x40 on 0x400003
libmutter-Message: 12:47:23.863: KEYBINDINGS: Ungrabbing keybinding keycode 70 mask 0x8 on 0x400003
libmutter-Message: 12:47:23.863: KEYBINDINGS: Ungrabbing keybinding keycode 65 mask 0x8 on 0x400003
libmutter-Message: 12:47:23.863: KEYBINDINGS: Ungrabbing keybinding keycode 114 mask 0x40 on 0x400003
libmutter-Message: 12:47:23.863: KEYBINDINGS: Ungrabbing keybinding keycode 71 mask 0x8 on 0x400003
libmutter-Message: 12:47:23.863: KEYBINDINGS: Ungrabbing keybinding keycode 114 mask 0x41 on 0x400003
libmutter-Message: 12:47:23.863: KEYBINDINGS: Ungrabbing keybinding keycode 116 mask 0x40 on 0x400003
libmutter-Message: 12:47:23.863: KEYBINDINGS: Ungrabbing keybinding keycode 110 mask 0x41 on 0x400003
libmutter-Message: 12:47:23.863: KEYBINDINGS: Ungrabbing keybinding keycode 113 mask 0x40 on 0x400003
libmutter-Message: 12:47:23.863: KEYBINDINGS: Ungrabbing keybinding keycode 116 mask 0x41 on 0x400003
libmutter-Message: 12:47:23.863: KEYBINDINGS: Ungrabbing keybinding keycode 115 mask 0x41 on 0x400003
libmutter-Message: 12:47:23.863: KEYBINDINGS: Ungrabbing keybinding keycode 111 mask 0xd on 0x400003
libmutter-Message: 12:47:23.863: KEYBINDINGS: Ungrabbing keybinding keycode 76 mask 0x8 on 0x400003
libmutter-Message: 12:47:23.864: KEYBINDINGS: Rebuilding key binding table from preferences
libmutter-Message: 12:47:23.864: KEYBINDINGS:  93 bindings in table
libmutter-Message: 12:47:23.864: KEYBINDINGS: Grabbing keybinding keycode 133 mask 0x0 on 0x21f
libmutter-Message: 12:47:23.864: KEYBINDINGS: Ungrabbing keybinding keycode 37 mask 0x0 on 0x21f
libmutter-Message: 12:47:23.864: KEYBINDINGS: Grabbing keybinding keycode 65 mask 0x40 on 0x21f
libmutter-Message: 12:47:23.864: KEYBINDINGS: Grabbing keybinding keycode 14 mask 0x44 on 0x21f
libmutter-Message: 12:47:23.864: KEYBINDINGS: Grabbing keybinding keycode 27 mask 0xd on 0x21f
libmutter-Message: 12:47:23.864: KEYBINDINGS: Grabbing keybinding keycode 11 mask 0x44 on 0x21f
libmutter-Message: 12:47:23.864: KEYBINDINGS: Grabbing keybinding keycode 23 mask 0xd on 0x21f
libmutter-Message: 12:47:23.864: KEYBINDINGS: Grabbing keybinding keycode 115 mask 0x40 on 0x21f
libmutter-Message: 12:47:23.864: KEYBINDINGS: Grabbing keybinding keycode 10 mask 0x40 on 0x21f
libmutter-Message: 12:47:23.864: KEYBINDINGS: Grabbing keybinding keycode 18 mask 0x40 on 0x21f
libmutter-Message: 12:47:23.865: KEYBINDINGS: Grabbing keybinding keycode 9 mask 0xd on 0x21f
libmutter-Message: 12:47:23.865: KEYBINDINGS: Grabbing keybinding keycode 23 mask 0x40 on 0x21f
libmutter-Message: 12:47:23.865: KEYBINDINGS: Grabbing keybinding keycode 14 mask 0x40 on 0x21f
libmutter-Message: 12:47:23.865: KEYBINDINGS: Grabbing keybinding keycode 116 mask 0x48 on 0x21f
libmutter-Message: 12:47:23.865: KEYBINDINGS: Grabbing keybinding keycode 235 mask 0x0 on 0x21f
libmutter-Message: 12:47:23.865: KEYBINDINGS: Grabbing keybinding keycode 23 mask 0x41 on 0x21f
libmutter-Message: 12:47:23.865: KEYBINDINGS: Grabbing keybinding keycode 23 mask 0xc on 0x21f
libmutter-Message: 12:47:23.865: KEYBINDINGS: Grabbing keybinding keycode 49 mask 0x8 on 0x21f
libmutter-Message: 12:47:23.865: KEYBINDINGS: Grabbing keybinding keycode 49 mask 0x40 on 0x21f
libmutter-Message: 12:47:23.865: KEYBINDINGS: Grabbing keybinding keycode 13 mask 0x44 on 0x21f
libmutter-Message: 12:47:23.865: KEYBINDINGS: Grabbing keybinding keycode 114 mask 0xc on 0x21f
libmutter-Message: 12:47:23.866: KEYBINDINGS: Grabbing keybinding keycode 111 mask 0xc on 0x21f
libmutter-Message: 12:47:23.866: KEYBINDINGS: Grabbing keybinding keycode 13 mask 0x40 on 0x21f
libmutter-Message: 12:47:23.866: KEYBINDINGS: Grabbing keybinding keycode 65 mask 0x41 on 0x21f
libmutter-Message: 12:47:23.866: KEYBINDINGS: Grabbing keybinding keycode 9 mask 0x9 on 0x21f
libmutter-Message: 12:47:23.866: KEYBINDINGS: Grabbing keybinding keycode 117 mask 0x40 on 0x21f
libmutter-Message: 12:47:23.866: KEYBINDINGS: Grabbing keybinding keycode 112 mask 0x40 on 0x21f
libmutter-Message: 12:47:23.866: KEYBINDINGS: Grabbing keybinding keycode 114 mask 0x48 on 0x21f
libmutter-Message: 12:47:23.866: KEYBINDINGS: Grabbing keybinding keycode 23 mask 0x9 on 0x21f
libmutter-Message: 12:47:23.866: KEYBINDINGS: Grabbing keybinding keycode 9 mask 0x40 on 0x21f
libmutter-Message: 12:47:23.867: KEYBINDINGS: Grabbing keybinding keycode 49 mask 0x41 on 0x21f
libmutter-Message: 12:47:23.867: KEYBINDINGS: Grabbing keybinding keycode 107 mask 0x0 on 0x21f
libmutter-Message: 12:47:23.867: KEYBINDINGS: Grabbing keybinding keycode 218 mask 0x0 on 0x21f
libmutter-Message: 12:47:23.867: KEYBINDINGS: Grabbing keybinding keycode 72 mask 0x9 on 0x21f
libmutter-Message: 12:47:23.867: KEYBINDINGS: Grabbing keybinding keycode 9 mask 0x8 on 0x21f
libmutter-Message: 12:47:23.867: KEYBINDINGS: Grabbing keybinding keycode 55 mask 0x40 on 0x21f
libmutter-Message: 12:47:23.867: KEYBINDINGS: Grabbing keybinding keycode 12 mask 0x44 on 0x21f
libmutter-Message: 12:47:23.867: KEYBINDINGS: Grabbing keybinding keycode 107 mask 0x1 on 0x21f
libmutter-Message: 12:47:23.868: KEYBINDINGS: Grabbing keybinding keycode 218 mask 0x1 on 0x21f
libmutter-Message: 12:47:23.868: KEYBINDINGS: Grabbing keybinding keycode 16 mask 0x44 on 0x21f
libmutter-Message: 12:47:23.868: KEYBINDINGS: Grabbing keybinding keycode 9 mask 0x41 on 0x21f
libmutter-Message: 12:47:23.868: KEYBINDINGS: Grabbing keybinding keycode 18 mask 0x44 on 0x21f
libmutter-Message: 12:47:23.868: KEYBINDINGS: Grabbing keybinding keycode 17 mask 0x44 on 0x21f
libmutter-Message: 12:47:23.868: KEYBINDINGS: Grabbing keybinding keycode 110 mask 0x40 on 0x21f
libmutter-Message: 12:47:23.868: KEYBINDINGS: Grabbing keybinding keycode 72 mask 0x8 on 0x21f
libmutter-Message: 12:47:23.868: KEYBINDINGS: Grabbing keybinding keycode 161 mask 0x0 on 0x21f
libmutter-Message: 12:47:23.869: KEYBINDINGS: Grabbing keybinding keycode 111 mask 0x48 on 0x21f
libmutter-Message: 12:47:23.869: KEYBINDINGS: Grabbing keybinding keycode 49 mask 0x9 on 0x21f
libmutter-Message: 12:47:23.869: KEYBINDINGS: Grabbing keybinding keycode 39 mask 0x40 on 0x21f
libmutter-Message: 12:47:23.869: KEYBINDINGS: Grabbing keybinding keycode 12 mask 0x40 on 0x21f
libmutter-Message: 12:47:23.869: KEYBINDINGS: Grabbing keybinding keycode 40 mask 0x40 on 0x21f
libmutter-Message: 12:47:23.869: KEYBINDINGS: Grabbing keybinding keycode 23 mask 0x8 on 0x21f
libmutter-Message: 12:47:23.869: KEYBINDINGS: Grabbing keybinding keycode 15 mask 0x44 on 0x21f
libmutter-Message: 12:47:23.869: KEYBINDINGS: Grabbing keybinding keycode 11 mask 0x40 on 0x21f
libmutter-Message: 12:47:23.870: KEYBINDINGS: Grabbing keybinding keycode 58 mask 0x40 on 0x21f
libmutter-Message: 12:47:23.870: KEYBINDINGS: Grabbing keybinding keycode 10 mask 0x44 on 0x21f
libmutter-Message: 12:47:23.870: KEYBINDINGS: Grabbing keybinding keycode 15 mask 0x40 on 0x21f
libmutter-Message: 12:47:23.870: KEYBINDINGS: Grabbing keybinding keycode 38 mask 0x40 on 0x21f
libmutter-Message: 12:47:23.870: KEYBINDINGS: Grabbing keybinding keycode 17 mask 0x40 on 0x21f
libmutter-Message: 12:47:23.870: KEYBINDINGS: Grabbing keybinding keycode 9 mask 0xc on 0x21f
libmutter-Message: 12:47:23.871: KEYBINDINGS: Grabbing keybinding keycode 57 mask 0x40 on 0x21f
libmutter-Message: 12:47:23.871: KEYBINDINGS: Grabbing keybinding keycode 68 mask 0x8 on 0x21f
libmutter-Message: 12:47:23.871: KEYBINDINGS: Grabbing keybinding keycode 113 mask 0xc on 0x21f
libmutter-Message: 12:47:23.871: KEYBINDINGS: Grabbing keybinding keycode 33 mask 0x40 on 0x21f
libmutter-Message: 12:47:23.871: KEYBINDINGS: Grabbing keybinding keycode 113 mask 0x48 on 0x21f
libmutter-Message: 12:47:23.871: KEYBINDINGS: Grabbing keybinding keycode 16 mask 0x40 on 0x21f
libmutter-Message: 12:47:23.871: KEYBINDINGS: Grabbing keybinding keycode 116 mask 0xc on 0x21f
libmutter-Message: 12:47:23.872: KEYBINDINGS: Grabbing keybinding keycode 65 mask 0x8 on 0x400003
libmutter-Message: 12:47:23.872: KEYBINDINGS: Grabbing keybinding keycode 73 mask 0x8 on 0x400003
libmutter-Message: 12:47:23.872: KEYBINDINGS: Grabbing keybinding keycode 117 mask 0x41 on 0x400003
libmutter-Message: 12:47:23.872: KEYBINDINGS: Grabbing keybinding keycode 110 mask 0x41 on 0x400003
libmutter-Message: 12:47:23.872: KEYBINDINGS: Grabbing keybinding keycode 113 mask 0x49 on 0x400003
libmutter-Message: 12:47:23.872: KEYBINDINGS: Grabbing keybinding keycode 114 mask 0x49 on 0x400003
libmutter-Message: 12:47:23.872: KEYBINDINGS: Grabbing keybinding keycode 111 mask 0x40 on 0x400003
libmutter-Message: 12:47:23.872: KEYBINDINGS: Grabbing keybinding keycode 113 mask 0x40 on 0x400003
libmutter-Message: 12:47:23.873: KEYBINDINGS: Grabbing keybinding keycode 113 mask 0x41 on 0x400003
libmutter-Message: 12:47:23.873: KEYBINDINGS: Grabbing keybinding keycode 76 mask 0x8 on 0x400003
libmutter-Message: 12:47:23.873: KEYBINDINGS: Grabbing keybinding keycode 111 mask 0x41 on 0x400003
libmutter-Message: 12:47:23.873: KEYBINDINGS: Grabbing keybinding keycode 107 mask 0x8 on 0x400003
libmutter-Message: 12:47:23.873: KEYBINDINGS: Grabbing keybinding keycode 218 mask 0x8 on 0x400003
libmutter-Message: 12:47:23.873: KEYBINDINGS: Grabbing keybinding keycode 115 mask 0x41 on 0x400003
libmutter-Message: 12:47:23.873: KEYBINDINGS: Grabbing keybinding keycode 71 mask 0x8 on 0x400003
libmutter-Message: 12:47:23.874: KEYBINDINGS: Grabbing keybinding keycode 114 mask 0x40 on 0x400003
libmutter-Message: 12:47:23.874: KEYBINDINGS: Grabbing keybinding keycode 43 mask 0x40 on 0x400003
libmutter-Message: 12:47:23.874: KEYBINDINGS: Grabbing keybinding keycode 116 mask 0x41 on 0x400003
libmutter-Message: 12:47:23.874: KEYBINDINGS: Grabbing keybinding keycode 113 mask 0xd on 0x400003
libmutter-Message: 12:47:23.874: KEYBINDINGS: Grabbing keybinding keycode 111 mask 0xd on 0x400003
libmutter-Message: 12:47:23.874: KEYBINDINGS: Grabbing keybinding keycode 116 mask 0xd on 0x400003
libmutter-Message: 12:47:23.874: KEYBINDINGS: Grabbing keybinding keycode 74 mask 0x8 on 0x400003
libmutter-Message: 12:47:23.875: KEYBINDINGS: Grabbing keybinding keycode 112 mask 0x41 on 0x400003
libmutter-Message: 12:47:23.875: KEYBINDINGS: Grabbing keybinding keycode 70 mask 0x8 on 0x400003
libmutter-Message: 12:47:23.875: KEYBINDINGS: Grabbing keybinding keycode 114 mask 0xd on 0x400003
libmutter-Message: 12:47:23.875: KEYBINDINGS: Grabbing keybinding keycode 114 mask 0x41 on 0x400003
libmutter-Message: 12:47:23.875: KEYBINDINGS: Grabbing keybinding keycode 116 mask 0x40 on 0x400003
libmutter-Message: 12:47:23.903: WINDOW_STATE: Queueing move-resize for window '0x400003'
libmutter-Message: 12:47:23.916: WINDOW_STATE: Unqueuing move-resize for window '0x400003'
libmutter-Message: 12:47:23.916: WINDOW_STATE: Showing window 0x400003, iconic: 0 placed: 0
libmutter-Message: 12:47:23.916: WINDOW_STATE: Window 0x400003 does focus on map, and does place on top on map.
libmutter-Message: 12:47:23.916: FOCUS: Setting input focus to window 0x400003, input: 1 focusable: 1
libmutter-Message: 12:47:23.916: WINDOW_STATE: Unqueuing calc-showing for window '0x400003'
libmutter-Message: 12:47:23.916: WINDOW_STATE: Running calc-showing for window '0x400003'
libmutter-Message: 12:47:23.916: WINDOW_STATE: Showing window 0x400003, iconic: 0 placed: 1
libmutter-Message: 12:47:23.916: WINDOW_STATE: Window 0x400003 does focus on map, and does place on top on map.
libmutter-Message: 12:47:23.916: FOCUS: Setting input focus on 0x400003 since input = true
libmutter-Message: 12:47:23.916: FOCUS: Setting X11 input focus for window 0x400003 to 0x400003
libmutter-Message: 12:47:23.916: FOCUS: Updating X11 focus window from 0x600003 to 0x400003
libmutter-Message: 12:47:23.916: FOCUS: * Focus --> 0x400003
libmutter-Message: 12:47:23.917: FOCUS: Sending WM_TAKE_FOCUS to 0x400003 since take_focus = true
libmutter-Message: 12:47:23.917: FOCUS: WM_TAKE_FOCUS(0x400003, 27207)
libmutter-Message: 12:47:24.061: FOCUS: Focus in event received on 0x400003 0x400003 (client window) mode NotifyNormal detail NotifyAncestor serial 355
libmutter-Message: 12:47:24.061: FOCUS: Focus out event received on 0x400003 0x400003 (client window) mode NotifyNormal detail NotifyAncestor serial 370
libmutter-Message: 12:47:24.061: FOCUS: Ignoring focus out with NotifyInferior
GNOME Shell-Message: 12:47:24.319: GNOME Shell started at Tue Oct 06 2026 12:47:23 GMT+1100 (Australian Eastern Daylight Time)
GNOME Shell-Message: 12:47:24.324: Registering session with GDM
libmutter-Message: 12:47:24.377: FOCUS: Focus out event received on 0x400003 0x400003 (client window) mode NotifyGrab detail NotifyVirtual serial 399
libmutter-Message: 12:47:24.377: FOCUS: Ignoring focus event generated by a grab or other weirdness
GNOME Shell-Message: 12:47:24.384: Error registering session with GDM: GDBus.Error:org.freedesktop.DBus.Error.ServiceUnknown: The name org.gnome.DisplayManager was not provided by any .service files
GNOME Shell-Message: 12:47:24.384: Launching DING process

(gnome-shell:725): Gjs-WARNING **: 12:47:24.388: Gio.UnixInputStream has been moved to a separate platform-specific library. Please update your code to use GioUnix.InputStream instead.
0 spawnv() ["file:///home/ir4runner/.cache/syspane/campaign-229a498/linux-x64-gcc13/GNOME-FOCUS-BASELINE-01-91e9a22e9646455582e2ec7c8d880f23/data/gnome-shell/extensions/ding@rastersoft.com/extension.js":521:76]
1 launchDesktop() ["file:///home/ir4runner/.cache/syspane/campaign-229a498/linux-x64-gcc13/GNOME-FOCUS-BASELINE-01-91e9a22e9646455582e2ec7c8d880f23/data/gnome-shell/extensions/ding@rastersoft.com/extension.js":439:37]
2 innerEnable/this.data.dbusConnectionId<() ["file:///home/ir4runner/.cache/syspane/campaign-229a498/linux-x64-gcc13/GNOME-FOCUS-BASELINE-01-91e9a22e9646455582e2ec7c8d880f23/data/gnome-shell/extensions/ding@rastersoft.com/extension.js":251:17]
3 anonymous() ["resource:///org/gnome/shell/ui/init.js":21:19]

DING: (gjs:809): Gjs-Console-CRITICAL **: 12:47:24.447: Gio.DBusError: GDBus.Error:org.freedesktop.DBus.Error.ServiceUnknown: The name org.gnome.Nautilus was not provided by any .service files
DING: _proxyInvoker@resource:///org/gnome/gjs/modules/core/overrides/Gio.js:122:46
DING: _makeProxyMethod/<@resource:///org/gnome/gjs/modules/core/overrides/Gio.js:147:30
DING: getIntrospectionData@/home/ir4runner/.cache/syspane/campaign-229a498/linux-x64-gcc13/GNOME-FOCUS-BASELINE-01-91e9a22e9646455582e2ec7c8d880f23/data/gnome-shell/extensions/ding@rastersoft.com/app/dbusUtils.js:419:27
DING: init@/home/ir4runner/.cache/syspane/campaign-229a498/linux-x64-gcc13/GNOME-FOCUS-BASELINE-01-91e9a22e9646455582e2ec7c8d880f23/data/gnome-shell/extensions/ding@rastersoft.com/app/dbusUtils.js:923:34
DING: @/home/ir4runner/.cache/syspane/campaign-229a498/linux-x64-gcc13/GNOME-FOCUS-BASELINE-01-91e9a22e9646455582e2ec7c8d880f23/data/gnome-shell/extensions/ding@rastersoft.com/app/ding.js:175:29
DING: @/home/ir4runner/.cache/syspane/campaign-229a498/linux-x64-gcc13/GNOME-FOCUS-BASELINE-01-91e9a22e9646455582e2ec7c8d880f23/data/gnome-shell/extensions/ding@rastersoft.com/app/ding.js:206:13
DING:    Error getting introspection data over Dbus.
DING: Emulating NautilusFileOperations2 with the old NautilusFileOperations interface
DING: Detected async api for thumbnails
DING: (gjs:809): Gjs-WARNING **: 12:47:24.473: GLib.unix_signal_add has been moved to a separate platform-specific library. Please update your code to use GLibUnix.signal_add instead.
DING: 0 DesktopManager() ["/home/ir4runner/.cache/syspane/campaign-229a498/linux-x64-gcc13/GNOME-FOCUS-BASELINE-01-91e9a22e9646455582e2ec7c8d880f23/data/gnome-shell/extensions/ding@rastersoft.com/app/desktopManager.js":264:12]
DING: 1 anonymous() ["/home/ir4runner/.cache/syspane/campaign-229a498/linux-x64-gcc13/GNOME-FOCUS-BASELINE-01-91e9a22e9646455582e2ec7c8d880f23/data/gnome-shell/extensions/ding@rastersoft.com/app/ding.js":180:25]
DING: 2 anonymous() ["/home/ir4runner/.cache/syspane/campaign-229a498/linux-x64-gcc13/GNOME-FOCUS-BASELINE-01-91e9a22e9646455582e2ec7c8d880f23/data/gnome-shell/extensions/ding@rastersoft.com/app/ding.js":197:20]
DING: 3 <TOP LEVEL> ["/home/ir4runner/.cache/syspane/campaign-229a498/linux-x64-gcc13/GNOME-FOCUS-BASELINE-01-91e9a22e9646455582e2ec7c8d880f23/data/gnome-shell/extensions/ding@rastersoft.com/app/ding.js":206:12]
DING: nautilus: error while loading shared libraries: libunity-protocol-private.so.0: cannot open shared object file: No such file or directory
DING: Failed to store the desktop coordinates for file:///home/ir4runner/.cache/syspane/campaign-229a498/linux-x64-gcc13/GNOME-FOCUS-BASELINE-01-91e9a22e9646455582e2ec7c8d880f23/home/Desktop/Probe%20Folder: Gio.IOErrorEnum: Setting attribute metadata::nautilus-icon-position not supported
libmutter-Message: 12:47:24.487: WINDOW_STATE: Queueing move-resize for window '0xc00008'
libmutter-Message: 12:47:24.487: WINDOW_STATE: Queueing calc-showing for window '0xc00008'
libmutter-Message: 12:47:24.487: KEYBINDINGS: Grabbing keybinding keycode 65 mask 0x8 on 0xc00008
libmutter-Message: 12:47:24.487: KEYBINDINGS: Grabbing keybinding keycode 73 mask 0x8 on 0xc00008
libmutter-Message: 12:47:24.487: KEYBINDINGS: Grabbing keybinding keycode 117 mask 0x41 on 0xc00008
libmutter-Message: 12:47:24.487: KEYBINDINGS: Grabbing keybinding keycode 110 mask 0x41 on 0xc00008
libmutter-Message: 12:47:24.487: KEYBINDINGS: Grabbing keybinding keycode 113 mask 0x49 on 0xc00008
libmutter-Message: 12:47:24.487: KEYBINDINGS: Grabbing keybinding keycode 114 mask 0x49 on 0xc00008
libmutter-Message: 12:47:24.487: KEYBINDINGS: Grabbing keybinding keycode 111 mask 0x40 on 0xc00008
libmutter-Message: 12:47:24.488: KEYBINDINGS: Grabbing keybinding keycode 113 mask 0x40 on 0xc00008
libmutter-Message: 12:47:24.488: KEYBINDINGS: Grabbing keybinding keycode 113 mask 0x41 on 0xc00008
libmutter-Message: 12:47:24.488: KEYBINDINGS: Grabbing keybinding keycode 76 mask 0x8 on 0xc00008
libmutter-Message: 12:47:24.488: KEYBINDINGS: Grabbing keybinding keycode 111 mask 0x41 on 0xc00008
libmutter-Message: 12:47:24.488: KEYBINDINGS: Grabbing keybinding keycode 107 mask 0x8 on 0xc00008
libmutter-Message: 12:47:24.488: KEYBINDINGS: Grabbing keybinding keycode 218 mask 0x8 on 0xc00008
libmutter-Message: 12:47:24.488: KEYBINDINGS: Grabbing keybinding keycode 115 mask 0x41 on 0xc00008
libmutter-Message: 12:47:24.488: KEYBINDINGS: Grabbing keybinding keycode 71 mask 0x8 on 0xc00008
libmutter-Message: 12:47:24.488: KEYBINDINGS: Grabbing keybinding keycode 114 mask 0x40 on 0xc00008
libmutter-Message: 12:47:24.488: KEYBINDINGS: Grabbing keybinding keycode 43 mask 0x40 on 0xc00008
libmutter-Message: 12:47:24.489: KEYBINDINGS: Grabbing keybinding keycode 116 mask 0x41 on 0xc00008
libmutter-Message: 12:47:24.489: KEYBINDINGS: Grabbing keybinding keycode 113 mask 0xd on 0xc00008
libmutter-Message: 12:47:24.489: KEYBINDINGS: Grabbing keybinding keycode 111 mask 0xd on 0xc00008
libmutter-Message: 12:47:24.489: KEYBINDINGS: Grabbing keybinding keycode 116 mask 0xd on 0xc00008
libmutter-Message: 12:47:24.489: KEYBINDINGS: Grabbing keybinding keycode 74 mask 0x8 on 0xc00008
libmutter-Message: 12:47:24.489: KEYBINDINGS: Grabbing keybinding keycode 112 mask 0x41 on 0xc00008
libmutter-Message: 12:47:24.489: KEYBINDINGS: Grabbing keybinding keycode 70 mask 0x8 on 0xc00008
libmutter-Message: 12:47:24.490: KEYBINDINGS: Grabbing keybinding keycode 114 mask 0xd on 0xc00008
libmutter-Message: 12:47:24.490: KEYBINDINGS: Grabbing keybinding keycode 114 mask 0x41 on 0xc00008
libmutter-Message: 12:47:24.490: KEYBINDINGS: Grabbing keybinding keycode 116 mask 0x40 on 0xc00008
libmutter-Message: 12:47:24.490: WINDOW_STATE: Unqueuing move-resize for window '0xc00008'
libmutter-Message: 12:47:24.491: WINDOW_STATE: Queueing move-resize for window '0xc00008'
libmutter-Message: 12:47:24.492: WINDOW_STATE: Unqueuing move-resize for window '0xc00008'
libmutter-Message: 12:47:24.497: WINDOW_STATE: Showing window 0xc00008, iconic: 0 placed: 0
libmutter-Message: 12:47:24.497: WINDOW_STATE: Window 0xc00008 does not focus on map, and does place on top on map.
libmutter-Message: 12:47:24.506: WINDOW_STATE: Queueing move-resize for window '0xc00008'
libmutter-Message: 12:47:24.506: WINDOW_STATE: Unqueuing move-resize for window '0xc00008'
libmutter-Message: 12:47:28.653: KEYBINDINGS: Ungrabbing keybinding keycode 133 mask 0x0 on 0x21f
libmutter-Message: 12:47:28.654: KEYBINDINGS: Ungrabbing keybinding keycode 37 mask 0x0 on 0x21f
libmutter-Message: 12:47:28.654: KEYBINDINGS: Ungrabbing keybinding keycode 65 mask 0x40 on 0x21f
libmutter-Message: 12:47:28.654: KEYBINDINGS: Ungrabbing keybinding keycode 14 mask 0x44 on 0x21f
libmutter-Message: 12:47:28.654: KEYBINDINGS: Ungrabbing keybinding keycode 27 mask 0xd on 0x21f
libmutter-Message: 12:47:28.654: KEYBINDINGS: Ungrabbing keybinding keycode 11 mask 0x44 on 0x21f
libmutter-Message: 12:47:28.654: KEYBINDINGS: Ungrabbing keybinding keycode 23 mask 0xd on 0x21f
libmutter-Message: 12:47:28.654: KEYBINDINGS: Ungrabbing keybinding keycode 115 mask 0x40 on 0x21f
libmutter-Message: 12:47:28.654: KEYBINDINGS: Ungrabbing keybinding keycode 10 mask 0x40 on 0x21f
libmutter-Message: 12:47:28.654: KEYBINDINGS: Ungrabbing keybinding keycode 18 mask 0x40 on 0x21f
libmutter-Message: 12:47:28.655: KEYBINDINGS: Ungrabbing keybinding keycode 9 mask 0xd on 0x21f
libmutter-Message: 12:47:28.655: KEYBINDINGS: Ungrabbing keybinding keycode 23 mask 0x40 on 0x21f
libmutter-Message: 12:47:28.655: KEYBINDINGS: Ungrabbing keybinding keycode 14 mask 0x40 on 0x21f
libmutter-Message: 12:47:28.655: KEYBINDINGS: Ungrabbing keybinding keycode 116 mask 0x48 on 0x21f
libmutter-Message: 12:47:28.655: KEYBINDINGS: Ungrabbing keybinding keycode 235 mask 0x0 on 0x21f
libmutter-Message: 12:47:28.655: KEYBINDINGS: Ungrabbing keybinding keycode 23 mask 0x41 on 0x21f
libmutter-Message: 12:47:28.655: KEYBINDINGS: Ungrabbing keybinding keycode 23 mask 0xc on 0x21f
libmutter-Message: 12:47:28.655: KEYBINDINGS: Ungrabbing keybinding keycode 49 mask 0x8 on 0x21f
libmutter-Message: 12:47:28.655: KEYBINDINGS: Ungrabbing keybinding keycode 49 mask 0x40 on 0x21f
libmutter-Message: 12:47:28.656: KEYBINDINGS: Ungrabbing keybinding keycode 13 mask 0x44 on 0x21f
libmutter-Message: 12:47:28.656: KEYBINDINGS: Ungrabbing keybinding keycode 114 mask 0xc on 0x21f
libmutter-Message: 12:47:28.656: KEYBINDINGS: Ungrabbing keybinding keycode 111 mask 0xc on 0x21f
libmutter-Message: 12:47:28.656: KEYBINDINGS: Ungrabbing keybinding keycode 13 mask 0x40 on 0x21f
libmutter-Message: 12:47:28.656: KEYBINDINGS: Ungrabbing keybinding keycode 65 mask 0x41 on 0x21f
libmutter-Message: 12:47:28.656: KEYBINDINGS: Ungrabbing keybinding keycode 9 mask 0x9 on 0x21f
libmutter-Message: 12:47:28.656: KEYBINDINGS: Ungrabbing keybinding keycode 117 mask 0x40 on 0x21f
libmutter-Message: 12:47:28.656: KEYBINDINGS: Ungrabbing keybinding keycode 112 mask 0x40 on 0x21f
libmutter-Message: 12:47:28.656: KEYBINDINGS: Ungrabbing keybinding keycode 114 mask 0x48 on 0x21f
libmutter-Message: 12:47:28.656: KEYBINDINGS: Ungrabbing keybinding keycode 23 mask 0x9 on 0x21f
libmutter-Message: 12:47:28.656: KEYBINDINGS: Ungrabbing keybinding keycode 9 mask 0x40 on 0x21f
libmutter-Message: 12:47:28.657: KEYBINDINGS: Ungrabbing keybinding keycode 49 mask 0x41 on 0x21f
libmutter-Message: 12:47:28.657: KEYBINDINGS: Ungrabbing keybinding keycode 107 mask 0x0 on 0x21f
libmutter-Message: 12:47:28.657: KEYBINDINGS: Ungrabbing keybinding keycode 218 mask 0x0 on 0x21f
libmutter-Message: 12:47:28.657: KEYBINDINGS: Ungrabbing keybinding keycode 72 mask 0x9 on 0x21f
libmutter-Message: 12:47:28.657: KEYBINDINGS: Ungrabbing keybinding keycode 9 mask 0x8 on 0x21f
libmutter-Message: 12:47:28.657: KEYBINDINGS: Ungrabbing keybinding keycode 55 mask 0x40 on 0x21f
libmutter-Message: 12:47:28.657: KEYBINDINGS: Ungrabbing keybinding keycode 12 mask 0x44 on 0x21f
libmutter-Message: 12:47:28.657: KEYBINDINGS: Ungrabbing keybinding keycode 107 mask 0x1 on 0x21f
libmutter-Message: 12:47:28.657: KEYBINDINGS: Ungrabbing keybinding keycode 218 mask 0x1 on 0x21f
libmutter-Message: 12:47:28.657: KEYBINDINGS: Ungrabbing keybinding keycode 16 mask 0x44 on 0x21f
libmutter-Message: 12:47:28.657: KEYBINDINGS: Ungrabbing keybinding keycode 9 mask 0x41 on 0x21f
libmutter-Message: 12:47:28.657: KEYBINDINGS: Ungrabbing keybinding keycode 18 mask 0x44 on 0x21f
libmutter-Message: 12:47:28.657: KEYBINDINGS: Ungrabbing keybinding keycode 17 mask 0x44 on 0x21f
libmutter-Message: 12:47:28.658: KEYBINDINGS: Ungrabbing keybinding keycode 110 mask 0x40 on 0x21f
libmutter-Message: 12:47:28.658: KEYBINDINGS: Ungrabbing keybinding keycode 72 mask 0x8 on 0x21f
libmutter-Message: 12:47:28.658: KEYBINDINGS: Ungrabbing keybinding keycode 161 mask 0x0 on 0x21f
libmutter-Message: 12:47:28.658: KEYBINDINGS: Ungrabbing keybinding keycode 111 mask 0x48 on 0x21f
libmutter-Message: 12:47:28.658: KEYBINDINGS: Ungrabbing keybinding keycode 49 mask 0x9 on 0x21f
libmutter-Message: 12:47:28.658: KEYBINDINGS: Ungrabbing keybinding keycode 39 mask 0x40 on 0x21f
libmutter-Message: 12:47:28.658: KEYBINDINGS: Ungrabbing keybinding keycode 12 mask 0x40 on 0x21f
libmutter-Message: 12:47:28.658: KEYBINDINGS: Ungrabbing keybinding keycode 40 mask 0x40 on 0x21f
libmutter-Message: 12:47:28.658: KEYBINDINGS: Ungrabbing keybinding keycode 23 mask 0x8 on 0x21f
libmutter-Message: 12:47:28.658: KEYBINDINGS: Ungrabbing keybinding keycode 15 mask 0x44 on 0x21f
libmutter-Message: 12:47:28.658: KEYBINDINGS: Ungrabbing keybinding keycode 11 mask 0x40 on 0x21f
libmutter-Message: 12:47:28.658: KEYBINDINGS: Ungrabbing keybinding keycode 58 mask 0x40 on 0x21f
libmutter-Message: 12:47:28.658: KEYBINDINGS: Ungrabbing keybinding keycode 10 mask 0x44 on 0x21f
libmutter-Message: 12:47:28.658: KEYBINDINGS: Ungrabbing keybinding keycode 15 mask 0x40 on 0x21f
libmutter-Message: 12:47:28.658: KEYBINDINGS: Ungrabbing keybinding keycode 38 mask 0x40 on 0x21f
libmutter-Message: 12:47:28.659: KEYBINDINGS: Ungrabbing keybinding keycode 17 mask 0x40 on 0x21f
libmutter-Message: 12:47:28.659: KEYBINDINGS: Ungrabbing keybinding keycode 9 mask 0xc on 0x21f
libmutter-Message: 12:47:28.659: KEYBINDINGS: Ungrabbing keybinding keycode 57 mask 0x40 on 0x21f
libmutter-Message: 12:47:28.659: KEYBINDINGS: Ungrabbing keybinding keycode 68 mask 0x8 on 0x21f
libmutter-Message: 12:47:28.659: KEYBINDINGS: Ungrabbing keybinding keycode 113 mask 0xc on 0x21f
libmutter-Message: 12:47:28.659: KEYBINDINGS: Ungrabbing keybinding keycode 33 mask 0x40 on 0x21f
libmutter-Message: 12:47:28.659: KEYBINDINGS: Ungrabbing keybinding keycode 113 mask 0x48 on 0x21f
libmutter-Message: 12:47:28.659: KEYBINDINGS: Ungrabbing keybinding keycode 16 mask 0x40 on 0x21f
libmutter-Message: 12:47:28.659: KEYBINDINGS: Ungrabbing keybinding keycode 116 mask 0xc on 0x21f
libmutter-Message: 12:47:28.659: KEYBINDINGS: Ungrabbing keybinding keycode 65 mask 0x8 on 0x400003
libmutter-Message: 12:47:28.659: KEYBINDINGS: Ungrabbing keybinding keycode 73 mask 0x8 on 0x400003
libmutter-Message: 12:47:28.659: KEYBINDINGS: Ungrabbing keybinding keycode 117 mask 0x41 on 0x400003
libmutter-Message: 12:47:28.659: KEYBINDINGS: Ungrabbing keybinding keycode 110 mask 0x41 on 0x400003
libmutter-Message: 12:47:28.659: KEYBINDINGS: Ungrabbing keybinding keycode 113 mask 0x49 on 0x400003
libmutter-Message: 12:47:28.659: KEYBINDINGS: Ungrabbing keybinding keycode 114 mask 0x49 on 0x400003
libmutter-Message: 12:47:28.659: KEYBINDINGS: Ungrabbing keybinding keycode 111 mask 0x40 on 0x400003
libmutter-Message: 12:47:28.659: KEYBINDINGS: Ungrabbing keybinding keycode 113 mask 0x40 on 0x400003
libmutter-Message: 12:47:28.659: KEYBINDINGS: Ungrabbing keybinding keycode 113 mask 0x41 on 0x400003
libmutter-Message: 12:47:28.660: KEYBINDINGS: Ungrabbing keybinding keycode 76 mask 0x8 on 0x400003
libmutter-Message: 12:47:28.660: KEYBINDINGS: Ungrabbing keybinding keycode 111 mask 0x41 on 0x400003
libmutter-Message: 12:47:28.660: KEYBINDINGS: Ungrabbing keybinding keycode 107 mask 0x8 on 0x400003
libmutter-Message: 12:47:28.660: KEYBINDINGS: Ungrabbing keybinding keycode 218 mask 0x8 on 0x400003
libmutter-Message: 12:47:28.660: KEYBINDINGS: Ungrabbing keybinding keycode 115 mask 0x41 on 0x400003
libmutter-Message: 12:47:28.660: KEYBINDINGS: Ungrabbing keybinding keycode 71 mask 0x8 on 0x400003
libmutter-Message: 12:47:28.660: KEYBINDINGS: Ungrabbing keybinding keycode 114 mask 0x40 on 0x400003
libmutter-Message: 12:47:28.660: KEYBINDINGS: Ungrabbing keybinding keycode 43 mask 0x40 on 0x400003
libmutter-Message: 12:47:28.660: KEYBINDINGS: Ungrabbing keybinding keycode 116 mask 0x41 on 0x400003
libmutter-Message: 12:47:28.660: KEYBINDINGS: Ungrabbing keybinding keycode 113 mask 0xd on 0x400003
libmutter-Message: 12:47:28.660: KEYBINDINGS: Ungrabbing keybinding keycode 111 mask 0xd on 0x400003
libmutter-Message: 12:47:28.660: KEYBINDINGS: Ungrabbing keybinding keycode 116 mask 0xd on 0x400003
libmutter-Message: 12:47:28.660: KEYBINDINGS: Ungrabbing keybinding keycode 74 mask 0x8 on 0x400003
libmutter-Message: 12:47:28.660: KEYBINDINGS: Ungrabbing keybinding keycode 112 mask 0x41 on 0x400003
libmutter-Message: 12:47:28.660: KEYBINDINGS: Ungrabbing keybinding keycode 70 mask 0x8 on 0x400003
libmutter-Message: 12:47:28.660: KEYBINDINGS: Ungrabbing keybinding keycode 114 mask 0xd on 0x400003
libmutter-Message: 12:47:28.660: KEYBINDINGS: Ungrabbing keybinding keycode 114 mask 0x41 on 0x400003
libmutter-Message: 12:47:28.660: KEYBINDINGS: Ungrabbing keybinding keycode 116 mask 0x40 on 0x400003
libmutter-Message: 12:47:28.660: KEYBINDINGS: Ungrabbing keybinding keycode 65 mask 0x8 on 0xc00008
libmutter-Message: 12:47:28.660: KEYBINDINGS: Ungrabbing keybinding keycode 73 mask 0x8 on 0xc00008
libmutter-Message: 12:47:28.660: KEYBINDINGS: Ungrabbing keybinding keycode 117 mask 0x41 on 0xc00008
libmutter-Message: 12:47:28.661: KEYBINDINGS: Ungrabbing keybinding keycode 110 mask 0x41 on 0xc00008
libmutter-Message: 12:47:28.661: KEYBINDINGS: Ungrabbing keybinding keycode 113 mask 0x49 on 0xc00008
libmutter-Message: 12:47:28.661: KEYBINDINGS: Ungrabbing keybinding keycode 114 mask 0x49 on 0xc00008
libmutter-Message: 12:47:28.661: KEYBINDINGS: Ungrabbing keybinding keycode 111 mask 0x40 on 0xc00008
libmutter-Message: 12:47:28.661: KEYBINDINGS: Ungrabbing keybinding keycode 113 mask 0x40 on 0xc00008
libmutter-Message: 12:47:28.661: KEYBINDINGS: Ungrabbing keybinding keycode 113 mask 0x41 on 0xc00008
libmutter-Message: 12:47:28.661: KEYBINDINGS: Ungrabbing keybinding keycode 76 mask 0x8 on 0xc00008
libmutter-Message: 12:47:28.661: KEYBINDINGS: Ungrabbing keybinding keycode 111 mask 0x41 on 0xc00008
libmutter-Message: 12:47:28.661: KEYBINDINGS: Ungrabbing keybinding keycode 107 mask 0x8 on 0xc00008
libmutter-Message: 12:47:28.661: KEYBINDINGS: Ungrabbing keybinding keycode 218 mask 0x8 on 0xc00008
libmutter-Message: 12:47:28.661: KEYBINDINGS: Ungrabbing keybinding keycode 115 mask 0x41 on 0xc00008
libmutter-Message: 12:47:28.661: KEYBINDINGS: Ungrabbing keybinding keycode 71 mask 0x8 on 0xc00008
libmutter-Message: 12:47:28.661: KEYBINDINGS: Ungrabbing keybinding keycode 114 mask 0x40 on 0xc00008
libmutter-Message: 12:47:28.661: KEYBINDINGS: Ungrabbing keybinding keycode 43 mask 0x40 on 0xc00008
libmutter-Message: 12:47:28.661: KEYBINDINGS: Ungrabbing keybinding keycode 116 mask 0x41 on 0xc00008
libmutter-Message: 12:47:28.661: KEYBINDINGS: Ungrabbing keybinding keycode 113 mask 0xd on 0xc00008
libmutter-Message: 12:47:28.661: KEYBINDINGS: Ungrabbing keybinding keycode 111 mask 0xd on 0xc00008
libmutter-Message: 12:47:28.661: KEYBINDINGS: Ungrabbing keybinding keycode 116 mask 0xd on 0xc00008
libmutter-Message: 12:47:28.661: KEYBINDINGS: Ungrabbing keybinding keycode 74 mask 0x8 on 0xc00008
libmutter-Message: 12:47:28.662: KEYBINDINGS: Ungrabbing keybinding keycode 112 mask 0x41 on 0xc00008
libmutter-Message: 12:47:28.662: KEYBINDINGS: Ungrabbing keybinding keycode 70 mask 0x8 on 0xc00008
libmutter-Message: 12:47:28.662: KEYBINDINGS: Ungrabbing keybinding keycode 114 mask 0xd on 0xc00008
libmutter-Message: 12:47:28.662: KEYBINDINGS: Ungrabbing keybinding keycode 114 mask 0x41 on 0xc00008
libmutter-Message: 12:47:28.662: KEYBINDINGS: Ungrabbing keybinding keycode 116 mask 0x40 on 0xc00008
libmutter-Message: 12:47:28.662: KEYBINDINGS: Ignoring modmask 0x12 scroll lock 0x0 hyper 0x40 super 0x40 meta 0x8
libmutter-Message: 12:47:28.662: KEYBINDINGS: Grabbing keybinding keycode 133 mask 0x0 on 0x21f
libmutter-Message: 12:47:28.662: KEYBINDINGS: Ungrabbing keybinding keycode 37 mask 0x0 on 0x21f
libmutter-Message: 12:47:28.662: KEYBINDINGS: Grabbing keybinding keycode 65 mask 0x40 on 0x21f
libmutter-Message: 12:47:28.662: KEYBINDINGS: Grabbing keybinding keycode 14 mask 0x44 on 0x21f
libmutter-Message: 12:47:28.662: KEYBINDINGS: Grabbing keybinding keycode 27 mask 0xd on 0x21f
libmutter-Message: 12:47:28.663: KEYBINDINGS: Grabbing keybinding keycode 11 mask 0x44 on 0x21f
libmutter-Message: 12:47:28.663: KEYBINDINGS: Grabbing keybinding keycode 23 mask 0xd on 0x21f
libmutter-Message: 12:47:28.663: KEYBINDINGS: Grabbing keybinding keycode 115 mask 0x40 on 0x21f
libmutter-Message: 12:47:28.663: KEYBINDINGS: Grabbing keybinding keycode 10 mask 0x40 on 0x21f
libmutter-Message: 12:47:28.663: KEYBINDINGS: Grabbing keybinding keycode 18 mask 0x40 on 0x21f
libmutter-Message: 12:47:28.663: KEYBINDINGS: Grabbing keybinding keycode 9 mask 0xd on 0x21f
libmutter-Message: 12:47:28.663: KEYBINDINGS: Grabbing keybinding keycode 23 mask 0x40 on 0x21f
libmutter-Message: 12:47:28.663: KEYBINDINGS: Grabbing keybinding keycode 14 mask 0x40 on 0x21f
libmutter-Message: 12:47:28.664: KEYBINDINGS: Grabbing keybinding keycode 116 mask 0x48 on 0x21f
libmutter-Message: 12:47:28.664: KEYBINDINGS: Grabbing keybinding keycode 235 mask 0x0 on 0x21f
libmutter-Message: 12:47:28.664: KEYBINDINGS: Grabbing keybinding keycode 23 mask 0x41 on 0x21f
libmutter-Message: 12:47:28.664: KEYBINDINGS: Grabbing keybinding keycode 23 mask 0xc on 0x21f
libmutter-Message: 12:47:28.664: KEYBINDINGS: Grabbing keybinding keycode 49 mask 0x8 on 0x21f
libmutter-Message: 12:47:28.664: KEYBINDINGS: Grabbing keybinding keycode 49 mask 0x40 on 0x21f
libmutter-Message: 12:47:28.664: KEYBINDINGS: Grabbing keybinding keycode 13 mask 0x44 on 0x21f
libmutter-Message: 12:47:28.664: KEYBINDINGS: Grabbing keybinding keycode 114 mask 0xc on 0x21f
libmutter-Message: 12:47:28.664: KEYBINDINGS: Grabbing keybinding keycode 111 mask 0xc on 0x21f
libmutter-Message: 12:47:28.664: KEYBINDINGS: Grabbing keybinding keycode 13 mask 0x40 on 0x21f
libmutter-Message: 12:47:28.664: KEYBINDINGS: Grabbing keybinding keycode 65 mask 0x41 on 0x21f
libmutter-Message: 12:47:28.665: KEYBINDINGS: Grabbing keybinding keycode 9 mask 0x9 on 0x21f
libmutter-Message: 12:47:28.665: KEYBINDINGS: Grabbing keybinding keycode 117 mask 0x40 on 0x21f
libmutter-Message: 12:47:28.665: KEYBINDINGS: Grabbing keybinding keycode 112 mask 0x40 on 0x21f
libmutter-Message: 12:47:28.665: KEYBINDINGS: Grabbing keybinding keycode 114 mask 0x48 on 0x21f
libmutter-Message: 12:47:28.665: KEYBINDINGS: Grabbing keybinding keycode 23 mask 0x9 on 0x21f
libmutter-Message: 12:47:28.665: KEYBINDINGS: Grabbing keybinding keycode 9 mask 0x40 on 0x21f
libmutter-Message: 12:47:28.665: KEYBINDINGS: Grabbing keybinding keycode 49 mask 0x41 on 0x21f
libmutter-Message: 12:47:28.665: KEYBINDINGS: Grabbing keybinding keycode 107 mask 0x0 on 0x21f
libmutter-Message: 12:47:28.665: KEYBINDINGS: Grabbing keybinding keycode 218 mask 0x0 on 0x21f
libmutter-Message: 12:47:28.666: KEYBINDINGS: Grabbing keybinding keycode 72 mask 0x9 on 0x21f
libmutter-Message: 12:47:28.666: KEYBINDINGS: Grabbing keybinding keycode 9 mask 0x8 on 0x21f
libmutter-Message: 12:47:28.666: KEYBINDINGS: Grabbing keybinding keycode 55 mask 0x40 on 0x21f
libmutter-Message: 12:47:28.666: KEYBINDINGS: Grabbing keybinding keycode 12 mask 0x44 on 0x21f
libmutter-Message: 12:47:28.666: KEYBINDINGS: Grabbing keybinding keycode 107 mask 0x1 on 0x21f
libmutter-Message: 12:47:28.666: KEYBINDINGS: Grabbing keybinding keycode 218 mask 0x1 on 0x21f
libmutter-Message: 12:47:28.666: KEYBINDINGS: Grabbing keybinding keycode 16 mask 0x44 on 0x21f
libmutter-Message: 12:47:28.666: KEYBINDINGS: Grabbing keybinding keycode 9 mask 0x41 on 0x21f
libmutter-Message: 12:47:28.667: KEYBINDINGS: Grabbing keybinding keycode 18 mask 0x44 on 0x21f
libmutter-Message: 12:47:28.667: KEYBINDINGS: Grabbing keybinding keycode 17 mask 0x44 on 0x21f
libmutter-Message: 12:47:28.667: KEYBINDINGS: Grabbing keybinding keycode 110 mask 0x40 on 0x21f
libmutter-Message: 12:47:28.667: KEYBINDINGS: Grabbing keybinding keycode 72 mask 0x8 on 0x21f
libmutter-Message: 12:47:28.667: KEYBINDINGS: Grabbing keybinding keycode 161 mask 0x0 on 0x21f
libmutter-Message: 12:47:28.667: KEYBINDINGS: Grabbing keybinding keycode 111 mask 0x48 on 0x21f
libmutter-Message: 12:47:28.667: KEYBINDINGS: Grabbing keybinding keycode 49 mask 0x9 on 0x21f
libmutter-Message: 12:47:28.667: KEYBINDINGS: Grabbing keybinding keycode 39 mask 0x40 on 0x21f
libmutter-Message: 12:47:28.668: KEYBINDINGS: Grabbing keybinding keycode 12 mask 0x40 on 0x21f
libmutter-Message: 12:47:28.668: KEYBINDINGS: Grabbing keybinding keycode 40 mask 0x40 on 0x21f
libmutter-Message: 12:47:28.668: KEYBINDINGS: Grabbing keybinding keycode 23 mask 0x8 on 0x21f
libmutter-Message: 12:47:28.668: KEYBINDINGS: Grabbing keybinding keycode 15 mask 0x44 on 0x21f
libmutter-Message: 12:47:28.668: KEYBINDINGS: Grabbing keybinding keycode 11 mask 0x40 on 0x21f
libmutter-Message: 12:47:28.668: KEYBINDINGS: Grabbing keybinding keycode 58 mask 0x40 on 0x21f
libmutter-Message: 12:47:28.668: KEYBINDINGS: Grabbing keybinding keycode 10 mask 0x44 on 0x21f
libmutter-Message: 12:47:28.669: KEYBINDINGS: Grabbing keybinding keycode 15 mask 0x40 on 0x21f
libmutter-Message: 12:47:28.669: KEYBINDINGS: Grabbing keybinding keycode 38 mask 0x40 on 0x21f
libmutter-Message: 12:47:28.669: KEYBINDINGS: Grabbing keybinding keycode 17 mask 0x40 on 0x21f
libmutter-Message: 12:47:28.669: KEYBINDINGS: Grabbing keybinding keycode 9 mask 0xc on 0x21f
libmutter-Message: 12:47:28.669: KEYBINDINGS: Grabbing keybinding keycode 57 mask 0x40 on 0x21f
libmutter-Message: 12:47:28.669: KEYBINDINGS: Grabbing keybinding keycode 68 mask 0x8 on 0x21f
libmutter-Message: 12:47:28.670: KEYBINDINGS: Grabbing keybinding keycode 113 mask 0xc on 0x21f
libmutter-Message: 12:47:28.670: KEYBINDINGS: Grabbing keybinding keycode 33 mask 0x40 on 0x21f
libmutter-Message: 12:47:28.670: KEYBINDINGS: Grabbing keybinding keycode 113 mask 0x48 on 0x21f
libmutter-Message: 12:47:28.670: KEYBINDINGS: Grabbing keybinding keycode 16 mask 0x40 on 0x21f
libmutter-Message: 12:47:28.670: KEYBINDINGS: Grabbing keybinding keycode 116 mask 0xc on 0x21f
libmutter-Message: 12:47:28.670: KEYBINDINGS: Grabbing keybinding keycode 65 mask 0x8 on 0x400003
libmutter-Message: 12:47:28.670: KEYBINDINGS: Grabbing keybinding keycode 73 mask 0x8 on 0x400003
libmutter-Message: 12:47:28.671: KEYBINDINGS: Grabbing keybinding keycode 117 mask 0x41 on 0x400003
libmutter-Message: 12:47:28.671: KEYBINDINGS: Grabbing keybinding keycode 110 mask 0x41 on 0x400003
libmutter-Message: 12:47:28.671: KEYBINDINGS: Grabbing keybinding keycode 113 mask 0x49 on 0x400003
libmutter-Message: 12:47:28.671: KEYBINDINGS: Grabbing keybinding keycode 114 mask 0x49 on 0x400003
libmutter-Message: 12:47:28.671: KEYBINDINGS: Grabbing keybinding keycode 111 mask 0x40 on 0x400003
libmutter-Message: 12:47:28.671: KEYBINDINGS: Grabbing keybinding keycode 113 mask 0x40 on 0x400003
libmutter-Message: 12:47:28.671: KEYBINDINGS: Grabbing keybinding keycode 113 mask 0x41 on 0x400003
libmutter-Message: 12:47:28.671: KEYBINDINGS: Grabbing keybinding keycode 76 mask 0x8 on 0x400003
libmutter-Message: 12:47:28.671: KEYBINDINGS: Grabbing keybinding keycode 111 mask 0x41 on 0x400003
libmutter-Message: 12:47:28.671: KEYBINDINGS: Grabbing keybinding keycode 107 mask 0x8 on 0x400003
libmutter-Message: 12:47:28.671: KEYBINDINGS: Grabbing keybinding keycode 218 mask 0x8 on 0x400003
libmutter-Message: 12:47:28.671: KEYBINDINGS: Grabbing keybinding keycode 115 mask 0x41 on 0x400003
libmutter-Message: 12:47:28.671: KEYBINDINGS: Grabbing keybinding keycode 71 mask 0x8 on 0x400003
libmutter-Message: 12:47:28.672: KEYBINDINGS: Grabbing keybinding keycode 114 mask 0x40 on 0x400003
libmutter-Message: 12:47:28.672: KEYBINDINGS: Grabbing keybinding keycode 43 mask 0x40 on 0x400003
libmutter-Message: 12:47:28.672: KEYBINDINGS: Grabbing keybinding keycode 116 mask 0x41 on 0x400003
libmutter-Message: 12:47:28.672: KEYBINDINGS: Grabbing keybinding keycode 113 mask 0xd on 0x400003
libmutter-Message: 12:47:28.672: KEYBINDINGS: Grabbing keybinding keycode 111 mask 0xd on 0x400003
libmutter-Message: 12:47:28.672: KEYBINDINGS: Grabbing keybinding keycode 116 mask 0xd on 0x400003
libmutter-Message: 12:47:28.672: KEYBINDINGS: Grabbing keybinding keycode 74 mask 0x8 on 0x400003
libmutter-Message: 12:47:28.672: KEYBINDINGS: Grabbing keybinding keycode 112 mask 0x41 on 0x400003
libmutter-Message: 12:47:28.672: KEYBINDINGS: Grabbing keybinding keycode 70 mask 0x8 on 0x400003
libmutter-Message: 12:47:28.672: KEYBINDINGS: Grabbing keybinding keycode 114 mask 0xd on 0x400003
libmutter-Message: 12:47:28.673: KEYBINDINGS: Grabbing keybinding keycode 114 mask 0x41 on 0x400003
libmutter-Message: 12:47:28.673: KEYBINDINGS: Grabbing keybinding keycode 116 mask 0x40 on 0x400003
libmutter-Message: 12:47:28.673: KEYBINDINGS: Grabbing keybinding keycode 65 mask 0x8 on 0xc00008
libmutter-Message: 12:47:28.673: KEYBINDINGS: Grabbing keybinding keycode 73 mask 0x8 on 0xc00008
libmutter-Message: 12:47:28.673: KEYBINDINGS: Grabbing keybinding keycode 117 mask 0x41 on 0xc00008
libmutter-Message: 12:47:28.673: KEYBINDINGS: Grabbing keybinding keycode 110 mask 0x41 on 0xc00008
libmutter-Message: 12:47:28.673: KEYBINDINGS: Grabbing keybinding keycode 113 mask 0x49 on 0xc00008
libmutter-Message: 12:47:28.673: KEYBINDINGS: Grabbing keybinding keycode 114 mask 0x49 on 0xc00008
libmutter-Message: 12:47:28.673: KEYBINDINGS: Grabbing keybinding keycode 111 mask 0x40 on 0xc00008
libmutter-Message: 12:47:28.673: KEYBINDINGS: Grabbing keybinding keycode 113 mask 0x40 on 0xc00008
libmutter-Message: 12:47:28.673: KEYBINDINGS: Grabbing keybinding keycode 113 mask 0x41 on 0xc00008
libmutter-Message: 12:47:28.673: KEYBINDINGS: Grabbing keybinding keycode 76 mask 0x8 on 0xc00008
libmutter-Message: 12:47:28.674: KEYBINDINGS: Grabbing keybinding keycode 111 mask 0x41 on 0xc00008
libmutter-Message: 12:47:28.674: KEYBINDINGS: Grabbing keybinding keycode 107 mask 0x8 on 0xc00008
libmutter-Message: 12:47:28.674: KEYBINDINGS: Grabbing keybinding keycode 218 mask 0x8 on 0xc00008
libmutter-Message: 12:47:28.674: KEYBINDINGS: Grabbing keybinding keycode 115 mask 0x41 on 0xc00008
libmutter-Message: 12:47:28.674: KEYBINDINGS: Grabbing keybinding keycode 71 mask 0x8 on 0xc00008
libmutter-Message: 12:47:28.674: KEYBINDINGS: Grabbing keybinding keycode 114 mask 0x40 on 0xc00008
libmutter-Message: 12:47:28.674: KEYBINDINGS: Grabbing keybinding keycode 43 mask 0x40 on 0xc00008
libmutter-Message: 12:47:28.674: KEYBINDINGS: Grabbing keybinding keycode 116 mask 0x41 on 0xc00008
libmutter-Message: 12:47:28.674: KEYBINDINGS: Grabbing keybinding keycode 113 mask 0xd on 0xc00008
libmutter-Message: 12:47:28.674: KEYBINDINGS: Grabbing keybinding keycode 111 mask 0xd on 0xc00008
libmutter-Message: 12:47:28.674: KEYBINDINGS: Grabbing keybinding keycode 116 mask 0xd on 0xc00008
libmutter-Message: 12:47:28.675: KEYBINDINGS: Grabbing keybinding keycode 74 mask 0x8 on 0xc00008
libmutter-Message: 12:47:28.675: KEYBINDINGS: Grabbing keybinding keycode 112 mask 0x41 on 0xc00008
libmutter-Message: 12:47:28.675: KEYBINDINGS: Grabbing keybinding keycode 70 mask 0x8 on 0xc00008
libmutter-Message: 12:47:28.675: KEYBINDINGS: Grabbing keybinding keycode 114 mask 0xd on 0xc00008
libmutter-Message: 12:47:28.675: KEYBINDINGS: Grabbing keybinding keycode 114 mask 0x41 on 0xc00008
libmutter-Message: 12:47:28.675: KEYBINDINGS: Grabbing keybinding keycode 116 mask 0x40 on 0xc00008
libmutter-Message: 12:47:28.676: KEYBINDINGS: No handler found for this event in this binding table
libmutter-Message: 12:47:28.706: FOCUS: Focus in event received on 0x400003 0x400003 (client window) mode NotifyUngrab detail NotifyInferior serial 505
libmutter-Message: 12:47:28.706: FOCUS: Ignoring focus event generated by a grab or other weirdness
libmutter-Message: 12:47:29.582: FOCUS: Focus out event received on 0x400003 0x400003 (client window) mode NotifyGrab detail NotifyVirtual serial 520
libmutter-Message: 12:47:29.582: FOCUS: Ignoring focus event generated by a grab or other weirdness
libmutter-Message: 12:47:29.582: FOCUS: Focus in event received on  0x21f (root window) mode NotifyGrab detail NotifyVirtual serial 520
libmutter-Message: 12:47:29.582: FOCUS: Ignoring focus event generated by a grab or other weirdness
libmutter-Message: 12:47:29.582: KEYBINDINGS: Running handler for show-desktop
libmutter-Message: 12:47:29.582: WINDOW_STATE: Queueing calc-showing for window '0x400003'
libmutter-Message: 12:47:29.582: WINDOW_STATE: Queueing calc-showing for window '0xc00008'
libmutter-Message: 12:47:29.582: FOCUS: Setting input focus to window 0xc00008, input: 1 focusable: 1
libmutter-Message: 12:47:29.582: WINDOW_STATE: Unqueuing calc-showing for window '0xc00008'
libmutter-Message: 12:47:29.582: WINDOW_STATE: Running calc-showing for window '0xc00008'
libmutter-Message: 12:47:29.582: WINDOW_STATE: Showing window 0xc00008, iconic: 0 placed: 1
libmutter-Message: 12:47:29.582: WINDOW_STATE: Window 0xc00008 does not focus on map, and does place on top on map.
libmutter-Message: 12:47:29.582: FOCUS: Setting input focus on 0xc00008 since input = true
libmutter-Message: 12:47:29.582: FOCUS: Setting X11 input focus for window 0xc00008 to 0xc00008
libmutter-Message: 12:47:29.582: FOCUS: Updating X11 focus window from 0x400003 to 0xc00008
libmutter-Message: 12:47:29.582: FOCUS: 0x400003 is now the previous focus window due to being focused out or unmapped
libmutter-Message: 12:47:29.582: FOCUS: * Focus --> 0xc00008
libmutter-Message: 12:47:29.583: FOCUS: Sending WM_TAKE_FOCUS to 0xc00008 since take_focus = true
libmutter-Message: 12:47:29.583: FOCUS: WM_TAKE_FOCUS(0xc00008, 32872)
libmutter-Message: 12:47:29.583: FOCUS: Focus out event received on 0x400003 0x400003 (client window) mode NotifyWhileGrabbed detail NotifyNonlinear serial 526
libmutter-Message: 12:47:29.583: FOCUS: Focus in event received on 0xc00008 0xc00008 (client window) mode NotifyWhileGrabbed detail NotifyNonlinear serial 526
libmutter-Message: 12:47:29.583: FOCUS: Focus out event received on 0x400003 0x400003 (client window) mode NotifyUngrab detail NotifyInferior serial 528
libmutter-Message: 12:47:29.583: FOCUS: Ignoring focus event generated by a grab or other weirdness
libmutter-Message: 12:47:29.583: FOCUS: Focus out event received on  0x21f (root window) mode NotifyUngrab detail NotifyInferior serial 528
libmutter-Message: 12:47:29.583: FOCUS: Ignoring focus event generated by a grab or other weirdness
libmutter-Message: 12:47:29.583: FOCUS: Focus in event received on 0xc00008 0xc00008 (client window) mode NotifyUngrab detail NotifyInferior serial 528
libmutter-Message: 12:47:29.583: FOCUS: Ignoring focus event generated by a grab or other weirdness
libmutter-Message: 12:47:29.583: WINDOW_STATE: Hiding window 0x400003
libmutter-Message: 12:47:29.585: FOCUS: Focus out event received on 0xc00008 0xc00008 (client window) mode NotifyNormal detail NotifyAncestor serial 535
libmutter-Message: 12:47:29.585: FOCUS: Ignoring focus out with NotifyInferior
libmutter-Message: 12:47:31.181: FOCUS: Focus out event received on 0xc00008 0xc00008 (client window) mode NotifyGrab detail NotifyVirtual serial 552
libmutter-Message: 12:47:31.181: FOCUS: Ignoring focus event generated by a grab or other weirdness
libmutter-Message: 12:47:31.181: FOCUS: Focus in event received on  0x21f (root window) mode NotifyGrab detail NotifyVirtual serial 552
libmutter-Message: 12:47:31.181: FOCUS: Ignoring focus event generated by a grab or other weirdness
libmutter-Message: 12:47:31.182: KEYBINDINGS: Running handler for show-desktop
libmutter-Message: 12:47:31.182: WINDOW_STATE: Queueing calc-showing for window '0x400003'
libmutter-Message: 12:47:31.182: WINDOW_STATE: Queueing calc-showing for window '0xc00008'
libmutter-Message: 12:47:31.182: FOCUS: Focusing MRU window
libmutter-Message: 12:47:31.182: FOCUS: Focusing workspace MRU window 0xc00008
libmutter-Message: 12:47:31.182: FOCUS: Setting input focus to window 0xc00008, input: 1 focusable: 1
libmutter-Message: 12:47:31.182: WINDOW_STATE: Unqueuing calc-showing for window '0xc00008'
libmutter-Message: 12:47:31.182: WINDOW_STATE: Running calc-showing for window '0xc00008'
libmutter-Message: 12:47:31.182: WINDOW_STATE: Showing window 0xc00008, iconic: 0 placed: 1
libmutter-Message: 12:47:31.182: WINDOW_STATE: Window 0xc00008 does not focus on map, and does place on top on map.
libmutter-Message: 12:47:31.182: FOCUS: Setting input focus on 0xc00008 since input = true
libmutter-Message: 12:47:31.182: FOCUS: Setting X11 input focus for window 0xc00008 to 0xc00008
libmutter-Message: 12:47:31.182: FOCUS: Sending WM_TAKE_FOCUS to 0xc00008 since take_focus = true
libmutter-Message: 12:47:31.182: FOCUS: WM_TAKE_FOCUS(0xc00008, 34472)
libmutter-Message: 12:47:31.182: WINDOW_STATE: Showing window 0x400003, iconic: 1 placed: 1
libmutter-Message: 12:47:31.182: WINDOW_STATE: Window 0x400003 does not focus on map, and does not place on top on map.
libmutter-Message: 12:47:31.184: FOCUS: Focus in event received on 0xc00008 0xc00008 (client window) mode NotifyWhileGrabbed detail NotifyNonlinear serial 559
libmutter-Message: 12:47:31.184: FOCUS: Focus out event received on 0xc00008 0xc00008 (client window) mode NotifyUngrab detail NotifyInferior serial 562
libmutter-Message: 12:47:31.184: FOCUS: Ignoring focus event generated by a grab or other weirdness
libmutter-Message: 12:47:31.184: FOCUS: Focus out event received on  0x21f (root window) mode NotifyUngrab detail NotifyInferior serial 562
libmutter-Message: 12:47:31.184: FOCUS: Ignoring focus event generated by a grab or other weirdness
libmutter-Message: 12:47:31.184: FOCUS: Focus in event received on 0xc00008 0xc00008 (client window) mode NotifyUngrab detail NotifyInferior serial 562
libmutter-Message: 12:47:31.184: FOCUS: Ignoring focus event generated by a grab or other weirdness
libmutter-Message: 12:47:31.184: FOCUS: Focus out event received on 0xc00008 0xc00008 (client window) mode NotifyNormal detail NotifyAncestor serial 562
libmutter-Message: 12:47:31.184: FOCUS: Ignoring focus out with NotifyInferior
libmutter-Message: 12:47:32.561: FOCUS: Focusing 0x400003 due to button 1 press (display.c)
libmutter-Message: 12:47:32.561: FOCUS: Setting input focus to window 0x400003, input: 1 focusable: 1
libmutter-Message: 12:47:32.561: FOCUS: Setting input focus on 0x400003 since input = true
libmutter-Message: 12:47:32.561: FOCUS: Setting X11 input focus for window 0x400003 to 0x400003
libmutter-Message: 12:47:32.561: FOCUS: Updating X11 focus window from 0xc00008 to 0x400003
libmutter-Message: 12:47:32.561: FOCUS: 0xc00008 is now the previous focus window due to being focused out or unmapped
libmutter-Message: 12:47:32.561: FOCUS: * Focus --> 0x400003
libmutter-Message: 12:47:32.562: FOCUS: Sending WM_TAKE_FOCUS to 0x400003 since take_focus = true
libmutter-Message: 12:47:32.562: FOCUS: WM_TAKE_FOCUS(0x400003, 35077)
libmutter-Message: 12:47:32.562: FOCUS: Focus out event received on 0xc00008 0xc00008 (client window) mode NotifyNormal detail NotifyAncestor serial 579
libmutter-Message: 12:47:32.562: FOCUS: Focus in event received on 0x400003 0x400003 (client window) mode NotifyNormal detail NotifyAncestor serial 579
libmutter-Message: 12:47:32.564: FOCUS: Focus out event received on 0x400003 0x400003 (client window) mode NotifyNormal detail NotifyAncestor serial 590
libmutter-Message: 12:47:32.564: FOCUS: Ignoring focus out with NotifyInferior
libmutter-Message: 12:47:33.265: WINDOW_STATE: Window 0x400003 withdrawn
libmutter-Message: 12:47:33.266: FOCUS: Focusing default window since we're unmanaging 0x400003
libmutter-Message: 12:47:33.266: FOCUS: Focusing MRU window excluding 0x400003
libmutter-Message: 12:47:33.266: FOCUS: Focusing workspace MRU window 0xc00008
libmutter-Message: 12:47:33.266: FOCUS: Setting input focus to window 0xc00008, input: 1 focusable: 1
libmutter-Message: 12:47:33.266: FOCUS: Setting input focus on 0xc00008 since input = true
libmutter-Message: 12:47:33.266: FOCUS: Setting X11 input focus for window 0xc00008 to 0xc00008
libmutter-Message: 12:47:33.266: FOCUS: Updating X11 focus window from 0x400003 to 0xc00008
libmutter-Message: 12:47:33.266: FOCUS: 0x400003 is now the previous focus window due to being focused out or unmapped
libmutter-Message: 12:47:33.266: FOCUS: * Focus --> 0xc00008
libmutter-Message: 12:47:33.267: FOCUS: Sending WM_TAKE_FOCUS to 0xc00008 since take_focus = true
libmutter-Message: 12:47:33.267: FOCUS: WM_TAKE_FOCUS(0xc00008, 35781)
libmutter-Message: 12:47:33.267: KEYBINDINGS: Ungrabbing keybinding keycode 65 mask 0x8 on 0x400003
libmutter-Message: 12:47:33.267: KEYBINDINGS: Ungrabbing keybinding keycode 73 mask 0x8 on 0x400003
libmutter-Message: 12:47:33.267: KEYBINDINGS: Ungrabbing keybinding keycode 117 mask 0x41 on 0x400003
libmutter-Message: 12:47:33.267: KEYBINDINGS: Ungrabbing keybinding keycode 110 mask 0x41 on 0x400003
libmutter-Message: 12:47:33.267: KEYBINDINGS: Ungrabbing keybinding keycode 113 mask 0x49 on 0x400003
libmutter-Message: 12:47:33.267: KEYBINDINGS: Ungrabbing keybinding keycode 114 mask 0x49 on 0x400003
libmutter-Message: 12:47:33.267: KEYBINDINGS: Ungrabbing keybinding keycode 111 mask 0x40 on 0x400003
libmutter-Message: 12:47:33.267: KEYBINDINGS: Ungrabbing keybinding keycode 113 mask 0x40 on 0x400003
libmutter-Message: 12:47:33.267: KEYBINDINGS: Ungrabbing keybinding keycode 113 mask 0x41 on 0x400003
libmutter-Message: 12:47:33.267: KEYBINDINGS: Ungrabbing keybinding keycode 76 mask 0x8 on 0x400003
libmutter-Message: 12:47:33.267: KEYBINDINGS: Ungrabbing keybinding keycode 111 mask 0x41 on 0x400003
libmutter-Message: 12:47:33.267: KEYBINDINGS: Ungrabbing keybinding keycode 107 mask 0x8 on 0x400003
libmutter-Message: 12:47:33.267: KEYBINDINGS: Ungrabbing keybinding keycode 218 mask 0x8 on 0x400003
libmutter-Message: 12:47:33.267: KEYBINDINGS: Ungrabbing keybinding keycode 115 mask 0x41 on 0x400003
libmutter-Message: 12:47:33.267: KEYBINDINGS: Ungrabbing keybinding keycode 71 mask 0x8 on 0x400003
libmutter-Message: 12:47:33.267: KEYBINDINGS: Ungrabbing keybinding keycode 114 mask 0x40 on 0x400003
libmutter-Message: 12:47:33.267: KEYBINDINGS: Ungrabbing keybinding keycode 43 mask 0x40 on 0x400003
libmutter-Message: 12:47:33.267: KEYBINDINGS: Ungrabbing keybinding keycode 116 mask 0x41 on 0x400003
libmutter-Message: 12:47:33.267: KEYBINDINGS: Ungrabbing keybinding keycode 113 mask 0xd on 0x400003
libmutter-Message: 12:47:33.267: KEYBINDINGS: Ungrabbing keybinding keycode 111 mask 0xd on 0x400003
libmutter-Message: 12:47:33.267: KEYBINDINGS: Ungrabbing keybinding keycode 116 mask 0xd on 0x400003
libmutter-Message: 12:47:33.267: KEYBINDINGS: Ungrabbing keybinding keycode 74 mask 0x8 on 0x400003
libmutter-Message: 12:47:33.267: KEYBINDINGS: Ungrabbing keybinding keycode 112 mask 0x41 on 0x400003
libmutter-Message: 12:47:33.267: KEYBINDINGS: Ungrabbing keybinding keycode 70 mask 0x8 on 0x400003
libmutter-Message: 12:47:33.267: KEYBINDINGS: Ungrabbing keybinding keycode 114 mask 0xd on 0x400003
libmutter-Message: 12:47:33.267: KEYBINDINGS: Ungrabbing keybinding keycode 114 mask 0x41 on 0x400003
libmutter-Message: 12:47:33.267: KEYBINDINGS: Ungrabbing keybinding keycode 116 mask 0x40 on 0x400003
libmutter-Message: 12:47:33.268: FOCUS: Focus out event received on  0x400003 (unknown window) mode NotifyNormal detail NotifyAncestor serial 907
libmutter-Message: 12:47:33.268: FOCUS: Focus in event received on  0x21f (root window) mode NotifyNormal detail NotifyAncestor serial 907
libmutter-Message: 12:47:33.268: FOCUS: Focus out event received on 0xc00008 0xc00008 (client window) mode NotifyNormal detail NotifyAncestor serial 912
libmutter-Message: 12:47:33.268: FOCUS: Ignoring focus event generated by a grab or other weirdness
libmutter-Message: 12:47:33.268: FOCUS: Focus out event received on  0x21f (root window) mode NotifyNormal detail NotifyAncestor serial 912
libmutter-Message: 12:47:33.268: FOCUS: Ignoring focus out with NotifyInferior
libmutter-Message: 12:47:33.268: FOCUS: Focus in event received on 0xc00008 0xc00008 (client window) mode NotifyNormal detail NotifyAncestor serial 912
libmutter-Message: 12:47:33.269: FOCUS: Focus out event received on 0xc00008 0xc00008 (client window) mode NotifyNormal detail NotifyAncestor serial 931
libmutter-Message: 12:47:33.269: FOCUS: Ignoring focus out with NotifyInferior
** Message: 12:47:33.273: Shutting down GNOME Shell
libmutter-Message: 12:47:33.311: FOCUS: Focusing default window since we're unmanaging 0xc00008
Window manager warning: META_CURRENT_TIME used to choose focus window; focus window may not be correct.
libmutter-Message: 12:47:33.311: FOCUS: Focusing MRU window excluding 0xc00008
libmutter-Message: 12:47:33.311: FOCUS: No MRU window to focus found; focusing no_focus_window.
libmutter-Message: 12:47:33.312: FOCUS: Setting X11 input focus for window none to 0x600003
libmutter-Message: 12:47:33.312: FOCUS: Updating X11 focus window from 0xc00008 to 0x600003
libmutter-Message: 12:47:33.312: FOCUS: 0xc00008 is now the previous focus window due to being focused out or unmapped
libmutter-Message: 12:47:33.312: FOCUS: * Focus --> NULL
libmutter-Message: 12:47:33.312: KEYBINDINGS: Ungrabbing keybinding keycode 65 mask 0x8 on 0xc00008
libmutter-Message: 12:47:33.312: KEYBINDINGS: Ungrabbing keybinding keycode 73 mask 0x8 on 0xc00008
libmutter-Message: 12:47:33.312: KEYBINDINGS: Ungrabbing keybinding keycode 117 mask 0x41 on 0xc00008
libmutter-Message: 12:47:33.312: KEYBINDINGS: Ungrabbing keybinding keycode 110 mask 0x41 on 0xc00008
libmutter-Message: 12:47:33.312: KEYBINDINGS: Ungrabbing keybinding keycode 113 mask 0x49 on 0xc00008
libmutter-Message: 12:47:33.312: KEYBINDINGS: Ungrabbing keybinding keycode 114 mask 0x49 on 0xc00008
libmutter-Message: 12:47:33.312: KEYBINDINGS: Ungrabbing keybinding keycode 111 mask 0x40 on 0xc00008
libmutter-Message: 12:47:33.312: KEYBINDINGS: Ungrabbing keybinding keycode 113 mask 0x40 on 0xc00008
libmutter-Message: 12:47:33.312: KEYBINDINGS: Ungrabbing keybinding keycode 113 mask 0x41 on 0xc00008
libmutter-Message: 12:47:33.312: KEYBINDINGS: Ungrabbing keybinding keycode 76 mask 0x8 on 0xc00008
libmutter-Message: 12:47:33.312: KEYBINDINGS: Ungrabbing keybinding keycode 111 mask 0x41 on 0xc00008
libmutter-Message: 12:47:33.312: KEYBINDINGS: Ungrabbing keybinding keycode 107 mask 0x8 on 0xc00008
libmutter-Message: 12:47:33.312: KEYBINDINGS: Ungrabbing keybinding keycode 218 mask 0x8 on 0xc00008
libmutter-Message: 12:47:33.312: KEYBINDINGS: Ungrabbing keybinding keycode 115 mask 0x41 on 0xc00008
libmutter-Message: 12:47:33.312: KEYBINDINGS: Ungrabbing keybinding keycode 71 mask 0x8 on 0xc00008
libmutter-Message: 12:47:33.312: KEYBINDINGS: Ungrabbing keybinding keycode 114 mask 0x40 on 0xc00008
libmutter-Message: 12:47:33.312: KEYBINDINGS: Ungrabbing keybinding keycode 43 mask 0x40 on 0xc00008
libmutter-Message: 12:47:33.312: KEYBINDINGS: Ungrabbing keybinding keycode 116 mask 0x41 on 0xc00008
libmutter-Message: 12:47:33.312: KEYBINDINGS: Ungrabbing keybinding keycode 113 mask 0xd on 0xc00008
libmutter-Message: 12:47:33.312: KEYBINDINGS: Ungrabbing keybinding keycode 111 mask 0xd on 0xc00008
libmutter-Message: 12:47:33.312: KEYBINDINGS: Ungrabbing keybinding keycode 116 mask 0xd on 0xc00008
libmutter-Message: 12:47:33.312: KEYBINDINGS: Ungrabbing keybinding keycode 74 mask 0x8 on 0xc00008
libmutter-Message: 12:47:33.312: KEYBINDINGS: Ungrabbing keybinding keycode 112 mask 0x41 on 0xc00008
libmutter-Message: 12:47:33.312: KEYBINDINGS: Ungrabbing keybinding keycode 70 mask 0x8 on 0xc00008
libmutter-Message: 12:47:33.312: KEYBINDINGS: Ungrabbing keybinding keycode 114 mask 0xd on 0xc00008
libmutter-Message: 12:47:33.313: KEYBINDINGS: Ungrabbing keybinding keycode 114 mask 0x41 on 0xc00008
libmutter-Message: 12:47:33.313: KEYBINDINGS: Ungrabbing keybinding keycode 116 mask 0x40 on 0xc00008
libmutter-Message: 12:47:33.313: KEYBINDINGS: Ungrabbing keybinding keycode 133 mask 0x0 on 0x21f
libmutter-Message: 12:47:33.313: KEYBINDINGS: Ungrabbing keybinding keycode 37 mask 0x0 on 0x21f
libmutter-Message: 12:47:33.313: KEYBINDINGS: Ungrabbing keybinding keycode 65 mask 0x40 on 0x21f
libmutter-Message: 12:47:33.313: KEYBINDINGS: Ungrabbing keybinding keycode 14 mask 0x44 on 0x21f
libmutter-Message: 12:47:33.313: KEYBINDINGS: Ungrabbing keybinding keycode 27 mask 0xd on 0x21f
libmutter-Message: 12:47:33.314: KEYBINDINGS: Ungrabbing keybinding keycode 11 mask 0x44 on 0x21f
libmutter-Message: 12:47:33.314: KEYBINDINGS: Ungrabbing keybinding keycode 23 mask 0xd on 0x21f
libmutter-Message: 12:47:33.314: KEYBINDINGS: Ungrabbing keybinding keycode 115 mask 0x40 on 0x21f
libmutter-Message: 12:47:33.314: KEYBINDINGS: Ungrabbing keybinding keycode 10 mask 0x40 on 0x21f
libmutter-Message: 12:47:33.314: KEYBINDINGS: Ungrabbing keybinding keycode 18 mask 0x40 on 0x21f
libmutter-Message: 12:47:33.314: KEYBINDINGS: Ungrabbing keybinding keycode 9 mask 0xd on 0x21f
libmutter-Message: 12:47:33.314: KEYBINDINGS: Ungrabbing keybinding keycode 23 mask 0x40 on 0x21f
libmutter-Message: 12:47:33.314: KEYBINDINGS: Ungrabbing keybinding keycode 14 mask 0x40 on 0x21f
libmutter-Message: 12:47:33.314: KEYBINDINGS: Ungrabbing keybinding keycode 116 mask 0x48 on 0x21f
libmutter-Message: 12:47:33.315: KEYBINDINGS: Ungrabbing keybinding keycode 235 mask 0x0 on 0x21f
libmutter-Message: 12:47:33.315: KEYBINDINGS: Ungrabbing keybinding keycode 23 mask 0x41 on 0x21f
libmutter-Message: 12:47:33.315: KEYBINDINGS: Ungrabbing keybinding keycode 23 mask 0xc on 0x21f
libmutter-Message: 12:47:33.315: KEYBINDINGS: Ungrabbing keybinding keycode 49 mask 0x8 on 0x21f
libmutter-Message: 12:47:33.315: KEYBINDINGS: Ungrabbing keybinding keycode 49 mask 0x40 on 0x21f
libmutter-Message: 12:47:33.315: KEYBINDINGS: Ungrabbing keybinding keycode 13 mask 0x44 on 0x21f
libmutter-Message: 12:47:33.315: KEYBINDINGS: Ungrabbing keybinding keycode 114 mask 0xc on 0x21f
libmutter-Message: 12:47:33.315: KEYBINDINGS: Ungrabbing keybinding keycode 111 mask 0xc on 0x21f
libmutter-Message: 12:47:33.316: KEYBINDINGS: Ungrabbing keybinding keycode 13 mask 0x40 on 0x21f
libmutter-Message: 12:47:33.316: KEYBINDINGS: Ungrabbing keybinding keycode 65 mask 0x41 on 0x21f
libmutter-Message: 12:47:33.316: KEYBINDINGS: Ungrabbing keybinding keycode 9 mask 0x9 on 0x21f
libmutter-Message: 12:47:33.316: KEYBINDINGS: Ungrabbing keybinding keycode 117 mask 0x40 on 0x21f
libmutter-Message: 12:47:33.316: KEYBINDINGS: Ungrabbing keybinding keycode 112 mask 0x40 on 0x21f
libmutter-Message: 12:47:33.316: KEYBINDINGS: Ungrabbing keybinding keycode 114 mask 0x48 on 0x21f
libmutter-Message: 12:47:33.316: KEYBINDINGS: Ungrabbing keybinding keycode 23 mask 0x9 on 0x21f
libmutter-Message: 12:47:33.316: KEYBINDINGS: Ungrabbing keybinding keycode 9 mask 0x40 on 0x21f
libmutter-Message: 12:47:33.317: KEYBINDINGS: Ungrabbing keybinding keycode 49 mask 0x41 on 0x21f
libmutter-Message: 12:47:33.317: KEYBINDINGS: Ungrabbing keybinding keycode 107 mask 0x0 on 0x21f
libmutter-Message: 12:47:33.317: KEYBINDINGS: Ungrabbing keybinding keycode 218 mask 0x0 on 0x21f
libmutter-Message: 12:47:33.317: KEYBINDINGS: Ungrabbing keybinding keycode 72 mask 0x9 on 0x21f
libmutter-Message: 12:47:33.317: KEYBINDINGS: Ungrabbing keybinding keycode 9 mask 0x8 on 0x21f
libmutter-Message: 12:47:33.317: KEYBINDINGS: Ungrabbing keybinding keycode 55 mask 0x40 on 0x21f
libmutter-Message: 12:47:33.317: KEYBINDINGS: Ungrabbing keybinding keycode 12 mask 0x44 on 0x21f
libmutter-Message: 12:47:33.317: KEYBINDINGS: Ungrabbing keybinding keycode 107 mask 0x1 on 0x21f
libmutter-Message: 12:47:33.317: KEYBINDINGS: Ungrabbing keybinding keycode 218 mask 0x1 on 0x21f
libmutter-Message: 12:47:33.317: KEYBINDINGS: Ungrabbing keybinding keycode 16 mask 0x44 on 0x21f
libmutter-Message: 12:47:33.317: KEYBINDINGS: Ungrabbing keybinding keycode 9 mask 0x41 on 0x21f
libmutter-Message: 12:47:33.318: KEYBINDINGS: Ungrabbing keybinding keycode 18 mask 0x44 on 0x21f
libmutter-Message: 12:47:33.318: KEYBINDINGS: Ungrabbing keybinding keycode 17 mask 0x44 on 0x21f
libmutter-Message: 12:47:33.318: KEYBINDINGS: Ungrabbing keybinding keycode 110 mask 0x40 on 0x21f
libmutter-Message: 12:47:33.318: KEYBINDINGS: Ungrabbing keybinding keycode 72 mask 0x8 on 0x21f
libmutter-Message: 12:47:33.318: KEYBINDINGS: Ungrabbing keybinding keycode 161 mask 0x0 on 0x21f
libmutter-Message: 12:47:33.318: KEYBINDINGS: Ungrabbing keybinding keycode 111 mask 0x48 on 0x21f
libmutter-Message: 12:47:33.318: KEYBINDINGS: Ungrabbing keybinding keycode 49 mask 0x9 on 0x21f
libmutter-Message: 12:47:33.318: KEYBINDINGS: Ungrabbing keybinding keycode 39 mask 0x40 on 0x21f
libmutter-Message: 12:47:33.318: KEYBINDINGS: Ungrabbing keybinding keycode 12 mask 0x40 on 0x21f
libmutter-Message: 12:47:33.318: KEYBINDINGS: Ungrabbing keybinding keycode 40 mask 0x40 on 0x21f
libmutter-Message: 12:47:33.318: KEYBINDINGS: Ungrabbing keybinding keycode 23 mask 0x8 on 0x21f
libmutter-Message: 12:47:33.318: KEYBINDINGS: Ungrabbing keybinding keycode 15 mask 0x44 on 0x21f
libmutter-Message: 12:47:33.318: KEYBINDINGS: Ungrabbing keybinding keycode 11 mask 0x40 on 0x21f
libmutter-Message: 12:47:33.318: KEYBINDINGS: Ungrabbing keybinding keycode 58 mask 0x40 on 0x21f
libmutter-Message: 12:47:33.318: KEYBINDINGS: Ungrabbing keybinding keycode 10 mask 0x44 on 0x21f
libmutter-Message: 12:47:33.318: KEYBINDINGS: Ungrabbing keybinding keycode 15 mask 0x40 on 0x21f
libmutter-Message: 12:47:33.319: KEYBINDINGS: Ungrabbing keybinding keycode 38 mask 0x40 on 0x21f
libmutter-Message: 12:47:33.319: KEYBINDINGS: Ungrabbing keybinding keycode 17 mask 0x40 on 0x21f
libmutter-Message: 12:47:33.319: KEYBINDINGS: Ungrabbing keybinding keycode 9 mask 0xc on 0x21f
libmutter-Message: 12:47:33.319: KEYBINDINGS: Ungrabbing keybinding keycode 57 mask 0x40 on 0x21f
libmutter-Message: 12:47:33.319: KEYBINDINGS: Ungrabbing keybinding keycode 68 mask 0x8 on 0x21f
libmutter-Message: 12:47:33.319: KEYBINDINGS: Ungrabbing keybinding keycode 113 mask 0xc on 0x21f
libmutter-Message: 12:47:33.319: KEYBINDINGS: Ungrabbing keybinding keycode 33 mask 0x40 on 0x21f
libmutter-Message: 12:47:33.319: KEYBINDINGS: Ungrabbing keybinding keycode 113 mask 0x48 on 0x21f
libmutter-Message: 12:47:33.319: KEYBINDINGS: Ungrabbing keybinding keycode 16 mask 0x40 on 0x21f
libmutter-Message: 12:47:33.319: KEYBINDINGS: Ungrabbing keybinding keycode 116 mask 0xc on 0x21f
