libmutter-Message: 12:44:31.066: Running GNOME Shell (using mutter 46.2) as a X11 window and compositing manager

(gnome-shell:426): libmutter-WARNING **: 12:44:31.066: Could not create database of Wacom devices, expect tablets to misbehave
Xlib:  extension "DPMS" missing on display ":36243".
Window manager warning: Impossible to set scaling on crtc 59 to 1.000000, error id 2
Window manager warning: Scalig CRTC 59 at 1.000000 failed

Xlib:  extension "DPMS" missing on display ":36243".
libmutter-Message: 12:44:31.147: KEYBINDINGS: Mouse button modifier has new GSettings value "<Super>"
libmutter-Message: 12:44:31.147: KEYBINDINGS: Ignoring modmask 0x12 scroll lock 0x0 hyper 0x40 super 0x40 meta 0x8
libmutter-Message: 12:44:31.147: KEYBINDINGS: Binding "switch-to-workspace-1" has new GSettings value
libmutter-Message: 12:44:31.147: KEYBINDINGS: Binding "switch-to-workspace-2" has new GSettings value
libmutter-Message: 12:44:31.147: KEYBINDINGS: Binding "switch-to-workspace-3" has new GSettings value
libmutter-Message: 12:44:31.147: KEYBINDINGS: Binding "switch-to-workspace-4" has new GSettings value
libmutter-Message: 12:44:31.147: KEYBINDINGS: Binding "switch-to-workspace-5" has new GSettings value
libmutter-Message: 12:44:31.147: KEYBINDINGS: Binding "switch-to-workspace-6" has new GSettings value
libmutter-Message: 12:44:31.147: KEYBINDINGS: Binding "switch-to-workspace-7" has new GSettings value
libmutter-Message: 12:44:31.147: KEYBINDINGS: Binding "switch-to-workspace-8" has new GSettings value
libmutter-Message: 12:44:31.147: KEYBINDINGS: Binding "switch-to-workspace-9" has new GSettings value
libmutter-Message: 12:44:31.147: KEYBINDINGS: Binding "switch-to-workspace-10" has new GSettings value
libmutter-Message: 12:44:31.147: KEYBINDINGS: Binding "switch-to-workspace-11" has new GSettings value
libmutter-Message: 12:44:31.147: KEYBINDINGS: Binding "switch-to-workspace-12" has new GSettings value
libmutter-Message: 12:44:31.147: KEYBINDINGS: Binding "switch-to-workspace-left" has new GSettings value
libmutter-Message: 12:44:31.147: KEYBINDINGS: Binding "switch-to-workspace-right" has new GSettings value
libmutter-Message: 12:44:31.147: KEYBINDINGS: Binding "switch-to-workspace-up" has new GSettings value
libmutter-Message: 12:44:31.147: KEYBINDINGS: Binding "switch-to-workspace-down" has new GSettings value
libmutter-Message: 12:44:31.147: KEYBINDINGS: Binding "switch-to-workspace-last" has new GSettings value
libmutter-Message: 12:44:31.147: KEYBINDINGS: Binding "switch-group" has new GSettings value
libmutter-Message: 12:44:31.147: KEYBINDINGS: Binding "switch-group-backward" has new GSettings value
libmutter-Message: 12:44:31.147: KEYBINDINGS: Binding "switch-applications" has new GSettings value
libmutter-Message: 12:44:31.147: KEYBINDINGS: Binding "switch-applications-backward" has new GSettings value
libmutter-Message: 12:44:31.147: KEYBINDINGS: Binding "switch-windows" has new GSettings value
libmutter-Message: 12:44:31.147: KEYBINDINGS: Binding "switch-windows-backward" has new GSettings value
libmutter-Message: 12:44:31.147: KEYBINDINGS: Binding "switch-panels" has new GSettings value
libmutter-Message: 12:44:31.147: KEYBINDINGS: Binding "switch-panels-backward" has new GSettings value
libmutter-Message: 12:44:31.148: KEYBINDINGS: Binding "cycle-group" has new GSettings value
libmutter-Message: 12:44:31.148: KEYBINDINGS: Binding "cycle-group-backward" has new GSettings value
libmutter-Message: 12:44:31.148: KEYBINDINGS: Binding "cycle-windows" has new GSettings value
libmutter-Message: 12:44:31.148: KEYBINDINGS: Binding "cycle-windows-backward" has new GSettings value
libmutter-Message: 12:44:31.148: KEYBINDINGS: Binding "cycle-panels" has new GSettings value
libmutter-Message: 12:44:31.148: KEYBINDINGS: Binding "cycle-panels-backward" has new GSettings value
libmutter-Message: 12:44:31.148: KEYBINDINGS: Binding "show-desktop" has new GSettings value
libmutter-Message: 12:44:31.148: KEYBINDINGS: Binding "panel-run-dialog" has new GSettings value
libmutter-Message: 12:44:31.148: KEYBINDINGS: Binding "set-spew-mark" has new GSettings value
libmutter-Message: 12:44:31.148: KEYBINDINGS: Binding "toggle-above" has new GSettings value
libmutter-Message: 12:44:31.148: KEYBINDINGS: Binding "maximize" has new GSettings value
libmutter-Message: 12:44:31.148: KEYBINDINGS: Binding "unmaximize" has new GSettings value
libmutter-Message: 12:44:31.148: KEYBINDINGS: Binding "minimize" has new GSettings value
libmutter-Message: 12:44:31.148: KEYBINDINGS: Binding "close" has new GSettings value
libmutter-Message: 12:44:31.148: KEYBINDINGS: Binding "begin-move" has new GSettings value
libmutter-Message: 12:44:31.148: KEYBINDINGS: Binding "begin-resize" has new GSettings value
libmutter-Message: 12:44:31.148: KEYBINDINGS: Binding "toggle-on-all-workspaces" has new GSettings value
libmutter-Message: 12:44:31.148: KEYBINDINGS: Binding "move-to-workspace-1" has new GSettings value
libmutter-Message: 12:44:31.148: KEYBINDINGS: Binding "move-to-workspace-2" has new GSettings value
libmutter-Message: 12:44:31.148: KEYBINDINGS: Binding "move-to-workspace-3" has new GSettings value
libmutter-Message: 12:44:31.148: KEYBINDINGS: Binding "move-to-workspace-4" has new GSettings value
libmutter-Message: 12:44:31.148: KEYBINDINGS: Binding "move-to-workspace-5" has new GSettings value
libmutter-Message: 12:44:31.148: KEYBINDINGS: Binding "move-to-workspace-6" has new GSettings value
libmutter-Message: 12:44:31.148: KEYBINDINGS: Binding "move-to-workspace-7" has new GSettings value
libmutter-Message: 12:44:31.148: KEYBINDINGS: Binding "move-to-workspace-8" has new GSettings value
libmutter-Message: 12:44:31.148: KEYBINDINGS: Binding "move-to-workspace-9" has new GSettings value
libmutter-Message: 12:44:31.148: KEYBINDINGS: Binding "move-to-workspace-10" has new GSettings value
libmutter-Message: 12:44:31.148: KEYBINDINGS: Binding "move-to-workspace-11" has new GSettings value
libmutter-Message: 12:44:31.148: KEYBINDINGS: Binding "move-to-workspace-12" has new GSettings value
libmutter-Message: 12:44:31.148: KEYBINDINGS: Binding "move-to-workspace-last" has new GSettings value
libmutter-Message: 12:44:31.148: KEYBINDINGS: Binding "move-to-workspace-left" has new GSettings value
libmutter-Message: 12:44:31.148: KEYBINDINGS: Binding "move-to-workspace-right" has new GSettings value
libmutter-Message: 12:44:31.148: KEYBINDINGS: Binding "move-to-workspace-up" has new GSettings value
libmutter-Message: 12:44:31.148: KEYBINDINGS: Binding "move-to-workspace-down" has new GSettings value
libmutter-Message: 12:44:31.148: KEYBINDINGS: Binding "move-to-monitor-left" has new GSettings value
libmutter-Message: 12:44:31.148: KEYBINDINGS: Binding "move-to-monitor-right" has new GSettings value
libmutter-Message: 12:44:31.148: KEYBINDINGS: Binding "move-to-monitor-down" has new GSettings value
libmutter-Message: 12:44:31.148: KEYBINDINGS: Binding "move-to-monitor-up" has new GSettings value
libmutter-Message: 12:44:31.148: KEYBINDINGS: Binding "raise-or-lower" has new GSettings value
libmutter-Message: 12:44:31.148: KEYBINDINGS: Binding "raise" has new GSettings value
libmutter-Message: 12:44:31.148: KEYBINDINGS: Binding "lower" has new GSettings value
libmutter-Message: 12:44:31.148: KEYBINDINGS: Binding "maximize-vertically" has new GSettings value
libmutter-Message: 12:44:31.148: KEYBINDINGS: Binding "maximize-horizontally" has new GSettings value
libmutter-Message: 12:44:31.148: KEYBINDINGS: Binding "always-on-top" has new GSettings value
libmutter-Message: 12:44:31.148: KEYBINDINGS: Binding "move-to-corner-nw" has new GSettings value
libmutter-Message: 12:44:31.148: KEYBINDINGS: Binding "move-to-corner-ne" has new GSettings value
libmutter-Message: 12:44:31.148: KEYBINDINGS: Binding "move-to-corner-sw" has new GSettings value
libmutter-Message: 12:44:31.148: KEYBINDINGS: Binding "move-to-corner-se" has new GSettings value
libmutter-Message: 12:44:31.148: KEYBINDINGS: Binding "move-to-side-n" has new GSettings value
libmutter-Message: 12:44:31.148: KEYBINDINGS: Binding "move-to-side-s" has new GSettings value
libmutter-Message: 12:44:31.148: KEYBINDINGS: Binding "move-to-side-e" has new GSettings value
libmutter-Message: 12:44:31.148: KEYBINDINGS: Binding "move-to-side-w" has new GSettings value
libmutter-Message: 12:44:31.148: KEYBINDINGS: Binding "move-to-center" has new GSettings value
libmutter-Message: 12:44:31.148: KEYBINDINGS: Binding "activate-window-menu" has new GSettings value
libmutter-Message: 12:44:31.148: KEYBINDINGS: Binding "toggle-fullscreen" has new GSettings value
libmutter-Message: 12:44:31.148: KEYBINDINGS: Binding "toggle-maximized" has new GSettings value
libmutter-Message: 12:44:31.148: KEYBINDINGS: Binding "switch-monitor" has new GSettings value
libmutter-Message: 12:44:31.148: KEYBINDINGS: Binding "rotate-monitor" has new GSettings value
libmutter-Message: 12:44:31.148: KEYBINDINGS: Binding "cancel-input-capture" has new GSettings value
libmutter-Message: 12:44:31.148: KEYBINDINGS: Binding "toggle-tiled-left" has new GSettings value
libmutter-Message: 12:44:31.148: KEYBINDINGS: Binding "toggle-tiled-right" has new GSettings value
libmutter-Message: 12:44:31.148: KEYBINDINGS: Binding "restore-shortcuts" has new GSettings value
libmutter-Message: 12:44:31.148: KEYBINDINGS: Rebuilding key binding table from preferences
libmutter-Message: 12:44:31.148: KEYBINDINGS:  60 bindings in table
libmutter-Message: 12:44:31.150: KEYBINDINGS: Grabbing keybinding keycode 133 mask 0x0 on 0x21f
libmutter-Message: 12:44:31.150: KEYBINDINGS: Grabbing keybinding keycode 110 mask 0x40 on 0x21f
libmutter-Message: 12:44:31.150: KEYBINDINGS: Grabbing keybinding keycode 49 mask 0x8 on 0x21f
libmutter-Message: 12:44:31.150: KEYBINDINGS: Grabbing keybinding keycode 23 mask 0x41 on 0x21f
libmutter-Message: 12:44:31.150: KEYBINDINGS: Grabbing keybinding keycode 23 mask 0x8 on 0x21f
libmutter-Message: 12:44:31.151: KEYBINDINGS: Grabbing keybinding keycode 72 mask 0x8 on 0x21f
libmutter-Message: 12:44:31.151: KEYBINDINGS: Grabbing keybinding keycode 111 mask 0xc on 0x21f
libmutter-Message: 12:44:31.151: KEYBINDINGS: Grabbing keybinding keycode 9 mask 0x40 on 0x21f
libmutter-Message: 12:44:31.151: KEYBINDINGS: Grabbing keybinding keycode 113 mask 0x48 on 0x21f
libmutter-Message: 12:44:31.151: KEYBINDINGS: Grabbing keybinding keycode 33 mask 0x40 on 0x21f
libmutter-Message: 12:44:31.151: KEYBINDINGS: Grabbing keybinding keycode 117 mask 0x40 on 0x21f
libmutter-Message: 12:44:31.151: KEYBINDINGS: Grabbing keybinding keycode 72 mask 0x9 on 0x21f
libmutter-Message: 12:44:31.151: KEYBINDINGS: Grabbing keybinding keycode 9 mask 0x9 on 0x21f
libmutter-Message: 12:44:31.151: KEYBINDINGS: Grabbing keybinding keycode 115 mask 0x40 on 0x21f
libmutter-Message: 12:44:31.151: KEYBINDINGS: Grabbing keybinding keycode 161 mask 0x0 on 0x21f
libmutter-Message: 12:44:31.152: KEYBINDINGS: Grabbing keybinding keycode 9 mask 0xd on 0x21f
libmutter-Message: 12:44:31.152: KEYBINDINGS: Grabbing keybinding keycode 114 mask 0x48 on 0x21f
libmutter-Message: 12:44:31.152: KEYBINDINGS: Grabbing keybinding keycode 9 mask 0x8 on 0x21f
libmutter-Message: 12:44:31.152: KEYBINDINGS: Grabbing keybinding keycode 68 mask 0x8 on 0x21f
libmutter-Message: 12:44:31.152: KEYBINDINGS: Grabbing keybinding keycode 49 mask 0x41 on 0x21f
libmutter-Message: 12:44:31.152: KEYBINDINGS: Grabbing keybinding keycode 23 mask 0xd on 0x21f
libmutter-Message: 12:44:31.152: KEYBINDINGS: Grabbing keybinding keycode 23 mask 0x9 on 0x21f
libmutter-Message: 12:44:31.152: KEYBINDINGS: Grabbing keybinding keycode 112 mask 0x40 on 0x21f
libmutter-Message: 12:44:31.153: KEYBINDINGS: Grabbing keybinding keycode 114 mask 0xc on 0x21f
libmutter-Message: 12:44:31.153: KEYBINDINGS: Grabbing keybinding keycode 9 mask 0x41 on 0x21f
libmutter-Message: 12:44:31.153: KEYBINDINGS: Grabbing keybinding keycode 113 mask 0xc on 0x21f
libmutter-Message: 12:44:31.153: KEYBINDINGS: Grabbing keybinding keycode 235 mask 0x0 on 0x21f
libmutter-Message: 12:44:31.153: KEYBINDINGS: Grabbing keybinding keycode 116 mask 0xc on 0x21f
libmutter-Message: 12:44:31.153: KEYBINDINGS: Grabbing keybinding keycode 23 mask 0x40 on 0x21f
libmutter-Message: 12:44:31.153: KEYBINDINGS: Grabbing keybinding keycode 9 mask 0xc on 0x21f
libmutter-Message: 12:44:31.153: KEYBINDINGS: Grabbing keybinding keycode 40 mask 0x40 on 0x21f
libmutter-Message: 12:44:31.154: KEYBINDINGS: Grabbing keybinding keycode 49 mask 0x9 on 0x21f
libmutter-Message: 12:44:31.154: KEYBINDINGS: Grabbing keybinding keycode 23 mask 0xc on 0x21f
libmutter-Message: 12:44:31.154: KEYBINDINGS: Grabbing keybinding keycode 49 mask 0x40 on 0x21f
libmutter-Message: 12:44:31.160: FOCUS: Setting X11 input focus for window none to 0x600003
libmutter-Message: 12:44:31.160: FOCUS: Updating X11 focus window from 0x0 to 0x600003
Xlib:  extension "DPMS" missing on display ":36243".
libmutter-Message: 12:44:31.191: FOCUS: Focus out event received on  0x21f (root window) mode NotifyNormal detail NotifyAncestor serial 253
libmutter-Message: 12:44:31.191: FOCUS: Ignoring focus event generated by a grab or other weirdness
libmutter-Message: 12:44:31.194: WINDOW_STATE: Queueing move-resize for window '0x400003'
libmutter-Message: 12:44:31.194: WINDOW_STATE: Unqueuing move-resize for window '0x400003'
libmutter-Message: 12:44:31.194: WINDOW_STATE: Queueing move-resize for window '0x400003'
libmutter-Message: 12:44:31.194: WINDOW_STATE: Queueing calc-showing for window '0x400003'
libmutter-Message: 12:44:31.194: KEYBINDINGS: Grabbing keybinding keycode 112 mask 0x41 on 0x400003
libmutter-Message: 12:44:31.195: KEYBINDINGS: Grabbing keybinding keycode 113 mask 0x41 on 0x400003
libmutter-Message: 12:44:31.195: KEYBINDINGS: Grabbing keybinding keycode 65 mask 0x8 on 0x400003
libmutter-Message: 12:44:31.195: KEYBINDINGS: Grabbing keybinding keycode 113 mask 0x40 on 0x400003
libmutter-Message: 12:44:31.195: KEYBINDINGS: Grabbing keybinding keycode 111 mask 0x41 on 0x400003
libmutter-Message: 12:44:31.195: KEYBINDINGS: Grabbing keybinding keycode 114 mask 0x40 on 0x400003
libmutter-Message: 12:44:31.195: KEYBINDINGS: Grabbing keybinding keycode 117 mask 0x41 on 0x400003
libmutter-Message: 12:44:31.195: KEYBINDINGS: Grabbing keybinding keycode 73 mask 0x8 on 0x400003
libmutter-Message: 12:44:31.196: KEYBINDINGS: Grabbing keybinding keycode 116 mask 0x40 on 0x400003
libmutter-Message: 12:44:31.196: KEYBINDINGS: Grabbing keybinding keycode 113 mask 0x49 on 0x400003
libmutter-Message: 12:44:31.196: KEYBINDINGS: Grabbing keybinding keycode 110 mask 0x41 on 0x400003
libmutter-Message: 12:44:31.196: KEYBINDINGS: Grabbing keybinding keycode 115 mask 0x41 on 0x400003
libmutter-Message: 12:44:31.196: KEYBINDINGS: Grabbing keybinding keycode 114 mask 0x41 on 0x400003
libmutter-Message: 12:44:31.196: KEYBINDINGS: Grabbing keybinding keycode 70 mask 0x8 on 0x400003
libmutter-Message: 12:44:31.196: KEYBINDINGS: Grabbing keybinding keycode 114 mask 0x49 on 0x400003
libmutter-Message: 12:44:31.196: KEYBINDINGS: Grabbing keybinding keycode 116 mask 0xd on 0x400003
libmutter-Message: 12:44:31.197: KEYBINDINGS: Grabbing keybinding keycode 116 mask 0x41 on 0x400003
libmutter-Message: 12:44:31.197: KEYBINDINGS: Grabbing keybinding keycode 111 mask 0xd on 0x400003
libmutter-Message: 12:44:31.197: KEYBINDINGS: Grabbing keybinding keycode 43 mask 0x40 on 0x400003
libmutter-Message: 12:44:31.197: KEYBINDINGS: Grabbing keybinding keycode 111 mask 0x40 on 0x400003
libmutter-Message: 12:44:31.197: KEYBINDINGS: Grabbing keybinding keycode 71 mask 0x8 on 0x400003
libmutter-Message: 12:44:31.197: KEYBINDINGS: Grabbing keybinding keycode 113 mask 0xd on 0x400003
libmutter-Message: 12:44:31.197: KEYBINDINGS: Grabbing keybinding keycode 114 mask 0xd on 0x400003
libmutter-Message: 12:44:31.198: KEYBINDINGS: Grabbing keybinding keycode 76 mask 0x8 on 0x400003
libmutter-Message: 12:44:31.198: KEYBINDINGS: Grabbing keybinding keycode 74 mask 0x8 on 0x400003

(gnome-shell:426): libmutter-WARNING **: 12:44:31.199: There is no colord server available
libmutter-Message: 12:44:31.199: WINDOW_STATE: Unqueuing move-resize for window '0x400003'
libmutter-Message: 12:44:31.200: KEYBINDINGS: Ungrabbing keybinding keycode 133 mask 0x0 on 0x21f
libmutter-Message: 12:44:31.200: KEYBINDINGS: Ungrabbing keybinding keycode 37 mask 0x0 on 0x21f
libmutter-Message: 12:44:31.200: KEYBINDINGS: Ungrabbing keybinding keycode 110 mask 0x40 on 0x21f
libmutter-Message: 12:44:31.200: KEYBINDINGS: Ungrabbing keybinding keycode 49 mask 0x8 on 0x21f
libmutter-Message: 12:44:31.200: KEYBINDINGS: Ungrabbing keybinding keycode 23 mask 0x41 on 0x21f
libmutter-Message: 12:44:31.200: KEYBINDINGS: Ungrabbing keybinding keycode 23 mask 0x8 on 0x21f
libmutter-Message: 12:44:31.200: KEYBINDINGS: Ungrabbing keybinding keycode 72 mask 0x8 on 0x21f
libmutter-Message: 12:44:31.200: KEYBINDINGS: Ungrabbing keybinding keycode 111 mask 0xc on 0x21f
libmutter-Message: 12:44:31.200: KEYBINDINGS: Ungrabbing keybinding keycode 9 mask 0x40 on 0x21f
libmutter-Message: 12:44:31.201: KEYBINDINGS: Ungrabbing keybinding keycode 113 mask 0x48 on 0x21f
libmutter-Message: 12:44:31.201: KEYBINDINGS: Ungrabbing keybinding keycode 33 mask 0x40 on 0x21f
libmutter-Message: 12:44:31.201: KEYBINDINGS: Ungrabbing keybinding keycode 117 mask 0x40 on 0x21f
libmutter-Message: 12:44:31.201: KEYBINDINGS: Ungrabbing keybinding keycode 72 mask 0x9 on 0x21f
libmutter-Message: 12:44:31.201: KEYBINDINGS: Ungrabbing keybinding keycode 9 mask 0x9 on 0x21f
libmutter-Message: 12:44:31.201: KEYBINDINGS: Ungrabbing keybinding keycode 115 mask 0x40 on 0x21f
libmutter-Message: 12:44:31.201: KEYBINDINGS: Ungrabbing keybinding keycode 161 mask 0x0 on 0x21f
libmutter-Message: 12:44:31.201: KEYBINDINGS: Ungrabbing keybinding keycode 9 mask 0xd on 0x21f
libmutter-Message: 12:44:31.201: KEYBINDINGS: Ungrabbing keybinding keycode 114 mask 0x48 on 0x21f
libmutter-Message: 12:44:31.201: KEYBINDINGS: Ungrabbing keybinding keycode 9 mask 0x8 on 0x21f
libmutter-Message: 12:44:31.201: KEYBINDINGS: Ungrabbing keybinding keycode 68 mask 0x8 on 0x21f
libmutter-Message: 12:44:31.201: KEYBINDINGS: Ungrabbing keybinding keycode 49 mask 0x41 on 0x21f
libmutter-Message: 12:44:31.201: KEYBINDINGS: Ungrabbing keybinding keycode 23 mask 0xd on 0x21f
libmutter-Message: 12:44:31.201: KEYBINDINGS: Ungrabbing keybinding keycode 23 mask 0x9 on 0x21f
libmutter-Message: 12:44:31.201: KEYBINDINGS: Ungrabbing keybinding keycode 112 mask 0x40 on 0x21f
libmutter-Message: 12:44:31.201: KEYBINDINGS: Ungrabbing keybinding keycode 114 mask 0xc on 0x21f
libmutter-Message: 12:44:31.201: KEYBINDINGS: Ungrabbing keybinding keycode 9 mask 0x41 on 0x21f
libmutter-Message: 12:44:31.202: KEYBINDINGS: Ungrabbing keybinding keycode 113 mask 0xc on 0x21f
libmutter-Message: 12:44:31.202: KEYBINDINGS: Ungrabbing keybinding keycode 235 mask 0x0 on 0x21f
libmutter-Message: 12:44:31.202: KEYBINDINGS: Ungrabbing keybinding keycode 116 mask 0xc on 0x21f
libmutter-Message: 12:44:31.202: KEYBINDINGS: Ungrabbing keybinding keycode 23 mask 0x40 on 0x21f
libmutter-Message: 12:44:31.202: KEYBINDINGS: Ungrabbing keybinding keycode 9 mask 0xc on 0x21f
libmutter-Message: 12:44:31.202: KEYBINDINGS: Ungrabbing keybinding keycode 40 mask 0x40 on 0x21f
libmutter-Message: 12:44:31.202: KEYBINDINGS: Ungrabbing keybinding keycode 49 mask 0x9 on 0x21f
libmutter-Message: 12:44:31.202: KEYBINDINGS: Ungrabbing keybinding keycode 23 mask 0xc on 0x21f
libmutter-Message: 12:44:31.202: KEYBINDINGS: Ungrabbing keybinding keycode 49 mask 0x40 on 0x21f
libmutter-Message: 12:44:31.202: KEYBINDINGS: Ungrabbing keybinding keycode 112 mask 0x41 on 0x400003
libmutter-Message: 12:44:31.202: KEYBINDINGS: Ungrabbing keybinding keycode 113 mask 0x41 on 0x400003
libmutter-Message: 12:44:31.202: KEYBINDINGS: Ungrabbing keybinding keycode 65 mask 0x8 on 0x400003
libmutter-Message: 12:44:31.202: KEYBINDINGS: Ungrabbing keybinding keycode 113 mask 0x40 on 0x400003
libmutter-Message: 12:44:31.202: KEYBINDINGS: Ungrabbing keybinding keycode 111 mask 0x41 on 0x400003
libmutter-Message: 12:44:31.202: KEYBINDINGS: Ungrabbing keybinding keycode 114 mask 0x40 on 0x400003
libmutter-Message: 12:44:31.202: KEYBINDINGS: Ungrabbing keybinding keycode 117 mask 0x41 on 0x400003
libmutter-Message: 12:44:31.202: KEYBINDINGS: Ungrabbing keybinding keycode 73 mask 0x8 on 0x400003
libmutter-Message: 12:44:31.202: KEYBINDINGS: Ungrabbing keybinding keycode 116 mask 0x40 on 0x400003
libmutter-Message: 12:44:31.202: KEYBINDINGS: Ungrabbing keybinding keycode 113 mask 0x49 on 0x400003
libmutter-Message: 12:44:31.203: KEYBINDINGS: Ungrabbing keybinding keycode 110 mask 0x41 on 0x400003
libmutter-Message: 12:44:31.203: KEYBINDINGS: Ungrabbing keybinding keycode 115 mask 0x41 on 0x400003
libmutter-Message: 12:44:31.203: KEYBINDINGS: Ungrabbing keybinding keycode 114 mask 0x41 on 0x400003
libmutter-Message: 12:44:31.203: KEYBINDINGS: Ungrabbing keybinding keycode 70 mask 0x8 on 0x400003
libmutter-Message: 12:44:31.203: KEYBINDINGS: Ungrabbing keybinding keycode 114 mask 0x49 on 0x400003
libmutter-Message: 12:44:31.203: KEYBINDINGS: Ungrabbing keybinding keycode 116 mask 0xd on 0x400003
libmutter-Message: 12:44:31.203: KEYBINDINGS: Ungrabbing keybinding keycode 116 mask 0x41 on 0x400003
libmutter-Message: 12:44:31.203: KEYBINDINGS: Ungrabbing keybinding keycode 111 mask 0xd on 0x400003
libmutter-Message: 12:44:31.203: KEYBINDINGS: Ungrabbing keybinding keycode 43 mask 0x40 on 0x400003
libmutter-Message: 12:44:31.203: KEYBINDINGS: Ungrabbing keybinding keycode 111 mask 0x40 on 0x400003
libmutter-Message: 12:44:31.203: KEYBINDINGS: Ungrabbing keybinding keycode 71 mask 0x8 on 0x400003
libmutter-Message: 12:44:31.203: KEYBINDINGS: Ungrabbing keybinding keycode 113 mask 0xd on 0x400003
libmutter-Message: 12:44:31.203: KEYBINDINGS: Ungrabbing keybinding keycode 114 mask 0xd on 0x400003
libmutter-Message: 12:44:31.203: KEYBINDINGS: Ungrabbing keybinding keycode 76 mask 0x8 on 0x400003
libmutter-Message: 12:44:31.203: KEYBINDINGS: Ungrabbing keybinding keycode 74 mask 0x8 on 0x400003
libmutter-Message: 12:44:31.203: KEYBINDINGS: Rebuilding key binding table from preferences
libmutter-Message: 12:44:31.203: KEYBINDINGS:  60 bindings in table
libmutter-Message: 12:44:31.203: KEYBINDINGS: Grabbing keybinding keycode 133 mask 0x0 on 0x21f
libmutter-Message: 12:44:31.203: KEYBINDINGS: Ungrabbing keybinding keycode 37 mask 0x0 on 0x21f
libmutter-Message: 12:44:31.203: KEYBINDINGS: Grabbing keybinding keycode 49 mask 0x8 on 0x21f
libmutter-Message: 12:44:31.204: KEYBINDINGS: Grabbing keybinding keycode 23 mask 0xd on 0x21f
libmutter-Message: 12:44:31.204: KEYBINDINGS: Grabbing keybinding keycode 235 mask 0x0 on 0x21f
libmutter-Message: 12:44:31.204: KEYBINDINGS: Grabbing keybinding keycode 9 mask 0xc on 0x21f
libmutter-Message: 12:44:31.204: KEYBINDINGS: Grabbing keybinding keycode 9 mask 0x8 on 0x21f
libmutter-Message: 12:44:31.204: KEYBINDINGS: Grabbing keybinding keycode 23 mask 0xc on 0x21f
libmutter-Message: 12:44:31.204: KEYBINDINGS: Grabbing keybinding keycode 110 mask 0x40 on 0x21f
libmutter-Message: 12:44:31.204: KEYBINDINGS: Grabbing keybinding keycode 9 mask 0x41 on 0x21f
libmutter-Message: 12:44:31.204: KEYBINDINGS: Grabbing keybinding keycode 9 mask 0x9 on 0x21f
libmutter-Message: 12:44:31.204: KEYBINDINGS: Grabbing keybinding keycode 117 mask 0x40 on 0x21f
libmutter-Message: 12:44:31.204: KEYBINDINGS: Grabbing keybinding keycode 49 mask 0x40 on 0x21f
libmutter-Message: 12:44:31.204: KEYBINDINGS: Grabbing keybinding keycode 115 mask 0x40 on 0x21f
libmutter-Message: 12:44:31.205: KEYBINDINGS: Grabbing keybinding keycode 49 mask 0x41 on 0x21f
libmutter-Message: 12:44:31.205: KEYBINDINGS: Grabbing keybinding keycode 23 mask 0x8 on 0x21f
libmutter-Message: 12:44:31.205: KEYBINDINGS: Grabbing keybinding keycode 23 mask 0x40 on 0x21f
libmutter-Message: 12:44:31.205: KEYBINDINGS: Grabbing keybinding keycode 114 mask 0x48 on 0x21f
libmutter-Message: 12:44:31.205: KEYBINDINGS: Grabbing keybinding keycode 114 mask 0xc on 0x21f
libmutter-Message: 12:44:31.205: KEYBINDINGS: Grabbing keybinding keycode 40 mask 0x40 on 0x21f
libmutter-Message: 12:44:31.205: KEYBINDINGS: Grabbing keybinding keycode 111 mask 0xc on 0x21f
libmutter-Message: 12:44:31.205: KEYBINDINGS: Grabbing keybinding keycode 72 mask 0x8 on 0x21f
libmutter-Message: 12:44:31.205: KEYBINDINGS: Grabbing keybinding keycode 113 mask 0xc on 0x21f
libmutter-Message: 12:44:31.205: KEYBINDINGS: Grabbing keybinding keycode 113 mask 0x48 on 0x21f
libmutter-Message: 12:44:31.206: KEYBINDINGS: Grabbing keybinding keycode 112 mask 0x40 on 0x21f
libmutter-Message: 12:44:31.206: KEYBINDINGS: Grabbing keybinding keycode 9 mask 0xd on 0x21f
libmutter-Message: 12:44:31.206: KEYBINDINGS: Grabbing keybinding keycode 116 mask 0xc on 0x21f
libmutter-Message: 12:44:31.206: KEYBINDINGS: Grabbing keybinding keycode 72 mask 0x9 on 0x21f
libmutter-Message: 12:44:31.206: KEYBINDINGS: Grabbing keybinding keycode 23 mask 0x9 on 0x21f
libmutter-Message: 12:44:31.206: KEYBINDINGS: Grabbing keybinding keycode 23 mask 0x41 on 0x21f
libmutter-Message: 12:44:31.206: KEYBINDINGS: Grabbing keybinding keycode 33 mask 0x40 on 0x21f
libmutter-Message: 12:44:31.207: KEYBINDINGS: Grabbing keybinding keycode 161 mask 0x0 on 0x21f
libmutter-Message: 12:44:31.207: KEYBINDINGS: Grabbing keybinding keycode 9 mask 0x40 on 0x21f
libmutter-Message: 12:44:31.207: KEYBINDINGS: Grabbing keybinding keycode 49 mask 0x9 on 0x21f
libmutter-Message: 12:44:31.207: KEYBINDINGS: Grabbing keybinding keycode 68 mask 0x8 on 0x21f
libmutter-Message: 12:44:31.207: KEYBINDINGS: Grabbing keybinding keycode 74 mask 0x8 on 0x400003
libmutter-Message: 12:44:31.207: KEYBINDINGS: Grabbing keybinding keycode 73 mask 0x8 on 0x400003
libmutter-Message: 12:44:31.208: KEYBINDINGS: Grabbing keybinding keycode 114 mask 0x49 on 0x400003
libmutter-Message: 12:44:31.208: KEYBINDINGS: Grabbing keybinding keycode 114 mask 0xd on 0x400003
libmutter-Message: 12:44:31.208: KEYBINDINGS: Grabbing keybinding keycode 76 mask 0x8 on 0x400003
libmutter-Message: 12:44:31.208: KEYBINDINGS: Grabbing keybinding keycode 113 mask 0x49 on 0x400003
libmutter-Message: 12:44:31.208: KEYBINDINGS: Grabbing keybinding keycode 113 mask 0xd on 0x400003
libmutter-Message: 12:44:31.208: KEYBINDINGS: Grabbing keybinding keycode 112 mask 0x41 on 0x400003
libmutter-Message: 12:44:31.208: KEYBINDINGS: Grabbing keybinding keycode 111 mask 0x41 on 0x400003
libmutter-Message: 12:44:31.208: KEYBINDINGS: Grabbing keybinding keycode 43 mask 0x40 on 0x400003
libmutter-Message: 12:44:31.208: KEYBINDINGS: Grabbing keybinding keycode 116 mask 0xd on 0x400003
libmutter-Message: 12:44:31.208: KEYBINDINGS: Grabbing keybinding keycode 65 mask 0x8 on 0x400003
libmutter-Message: 12:44:31.209: KEYBINDINGS: Grabbing keybinding keycode 111 mask 0x40 on 0x400003
libmutter-Message: 12:44:31.209: KEYBINDINGS: Grabbing keybinding keycode 70 mask 0x8 on 0x400003
libmutter-Message: 12:44:31.209: KEYBINDINGS: Grabbing keybinding keycode 117 mask 0x41 on 0x400003
libmutter-Message: 12:44:31.209: KEYBINDINGS: Grabbing keybinding keycode 71 mask 0x8 on 0x400003
libmutter-Message: 12:44:31.209: KEYBINDINGS: Grabbing keybinding keycode 114 mask 0x40 on 0x400003
libmutter-Message: 12:44:31.209: KEYBINDINGS: Grabbing keybinding keycode 116 mask 0x40 on 0x400003
libmutter-Message: 12:44:31.209: KEYBINDINGS: Grabbing keybinding keycode 110 mask 0x41 on 0x400003
libmutter-Message: 12:44:31.209: KEYBINDINGS: Grabbing keybinding keycode 113 mask 0x40 on 0x400003
libmutter-Message: 12:44:31.209: KEYBINDINGS: Grabbing keybinding keycode 114 mask 0x41 on 0x400003
libmutter-Message: 12:44:31.210: KEYBINDINGS: Grabbing keybinding keycode 115 mask 0x41 on 0x400003
libmutter-Message: 12:44:31.210: KEYBINDINGS: Grabbing keybinding keycode 116 mask 0x41 on 0x400003
libmutter-Message: 12:44:31.210: KEYBINDINGS: Grabbing keybinding keycode 111 mask 0xd on 0x400003
libmutter-Message: 12:44:31.210: KEYBINDINGS: Grabbing keybinding keycode 113 mask 0x41 on 0x400003
libmutter-Message: 12:44:31.379: KEYBINDINGS: Binding "toggle-message-tray" has new GSettings value
libmutter-Message: 12:44:31.379: KEYBINDINGS: Binding "toggle-quick-settings" has new GSettings value
libmutter-Message: 12:44:31.379: KEYBINDINGS: Binding "switch-to-application-1" has new GSettings value
libmutter-Message: 12:44:31.379: KEYBINDINGS: Binding "switch-to-application-2" has new GSettings value
libmutter-Message: 12:44:31.379: KEYBINDINGS: Binding "switch-to-application-3" has new GSettings value
libmutter-Message: 12:44:31.379: KEYBINDINGS: Binding "switch-to-application-4" has new GSettings value
libmutter-Message: 12:44:31.379: KEYBINDINGS: Binding "switch-to-application-5" has new GSettings value
libmutter-Message: 12:44:31.379: KEYBINDINGS: Binding "switch-to-application-6" has new GSettings value
libmutter-Message: 12:44:31.379: KEYBINDINGS: Binding "switch-to-application-7" has new GSettings value
libmutter-Message: 12:44:31.379: KEYBINDINGS: Binding "switch-to-application-8" has new GSettings value
libmutter-Message: 12:44:31.379: KEYBINDINGS: Binding "switch-to-application-9" has new GSettings value
libmutter-Message: 12:44:31.379: KEYBINDINGS: Binding "open-new-window-application-1" has new GSettings value
libmutter-Message: 12:44:31.379: KEYBINDINGS: Binding "open-new-window-application-2" has new GSettings value
libmutter-Message: 12:44:31.379: KEYBINDINGS: Binding "open-new-window-application-3" has new GSettings value
libmutter-Message: 12:44:31.379: KEYBINDINGS: Binding "open-new-window-application-4" has new GSettings value
libmutter-Message: 12:44:31.379: KEYBINDINGS: Binding "open-new-window-application-5" has new GSettings value
libmutter-Message: 12:44:31.379: KEYBINDINGS: Binding "open-new-window-application-6" has new GSettings value
libmutter-Message: 12:44:31.379: KEYBINDINGS: Binding "open-new-window-application-7" has new GSettings value
libmutter-Message: 12:44:31.379: KEYBINDINGS: Binding "open-new-window-application-8" has new GSettings value
libmutter-Message: 12:44:31.379: KEYBINDINGS: Binding "open-new-window-application-9" has new GSettings value
libmutter-Message: 12:44:31.383: KEYBINDINGS: Binding "switch-input-source" has new GSettings value
libmutter-Message: 12:44:31.383: KEYBINDINGS: Binding "switch-input-source-backward" has new GSettings value
libmutter-Message: 12:44:31.404: KEYBINDINGS: Binding "show-screenshot-ui" has new GSettings value
libmutter-Message: 12:44:31.404: KEYBINDINGS: Binding "show-screen-recording-ui" has new GSettings value
libmutter-Message: 12:44:31.404: KEYBINDINGS: Binding "screenshot-window" has new GSettings value
libmutter-Message: 12:44:31.404: KEYBINDINGS: Binding "screenshot" has new GSettings value
libmutter-Message: 12:44:31.405: KEYBINDINGS: Binding "focus-active-notification" has new GSettings value
libmutter-Message: 12:44:31.489: KEYBINDINGS: Binding "toggle-application-view" has new GSettings value
libmutter-Message: 12:44:31.489: KEYBINDINGS: Binding "shift-overview-up" has new GSettings value
libmutter-Message: 12:44:31.489: KEYBINDINGS: Binding "shift-overview-down" has new GSettings value
libmutter-Message: 12:44:31.489: KEYBINDINGS: Binding "toggle-overview" has new GSettings value
GNOME Shell-Message: 12:44:31.494: Extension ding@rastersoft.com already installed in /home/ir4runner/.cache/syspane/campaign-229a498/linux-x64-gcc13/GNOME-FOCUS-BASELINE-01-0c99d784f08641f7aa47d42e43317d94/data/gnome-shell/extensions/ding@rastersoft.com. /home/ir4runner/.cache/syspane/campaign-229a498/linux-x64-gcc13/gnome-lab/sysroot/usr/share/gnome-shell/extensions/ding@rastersoft.com will not be loaded
libmutter-Message: 12:44:31.495: KEYBINDINGS: Ungrabbing keybinding keycode 133 mask 0x0 on 0x21f
libmutter-Message: 12:44:31.495: KEYBINDINGS: Ungrabbing keybinding keycode 37 mask 0x0 on 0x21f
libmutter-Message: 12:44:31.495: KEYBINDINGS: Ungrabbing keybinding keycode 49 mask 0x8 on 0x21f
libmutter-Message: 12:44:31.495: KEYBINDINGS: Ungrabbing keybinding keycode 23 mask 0xd on 0x21f
libmutter-Message: 12:44:31.495: KEYBINDINGS: Ungrabbing keybinding keycode 235 mask 0x0 on 0x21f
libmutter-Message: 12:44:31.495: KEYBINDINGS: Ungrabbing keybinding keycode 9 mask 0xc on 0x21f
libmutter-Message: 12:44:31.496: KEYBINDINGS: Ungrabbing keybinding keycode 9 mask 0x8 on 0x21f
libmutter-Message: 12:44:31.496: KEYBINDINGS: Ungrabbing keybinding keycode 23 mask 0xc on 0x21f
libmutter-Message: 12:44:31.496: KEYBINDINGS: Ungrabbing keybinding keycode 110 mask 0x40 on 0x21f
libmutter-Message: 12:44:31.496: KEYBINDINGS: Ungrabbing keybinding keycode 9 mask 0x41 on 0x21f
libmutter-Message: 12:44:31.496: KEYBINDINGS: Ungrabbing keybinding keycode 9 mask 0x9 on 0x21f
libmutter-Message: 12:44:31.496: KEYBINDINGS: Ungrabbing keybinding keycode 117 mask 0x40 on 0x21f
libmutter-Message: 12:44:31.496: KEYBINDINGS: Ungrabbing keybinding keycode 49 mask 0x40 on 0x21f
libmutter-Message: 12:44:31.496: KEYBINDINGS: Ungrabbing keybinding keycode 115 mask 0x40 on 0x21f
libmutter-Message: 12:44:31.496: KEYBINDINGS: Ungrabbing keybinding keycode 49 mask 0x41 on 0x21f
libmutter-Message: 12:44:31.496: KEYBINDINGS: Ungrabbing keybinding keycode 23 mask 0x8 on 0x21f
libmutter-Message: 12:44:31.496: KEYBINDINGS: Ungrabbing keybinding keycode 23 mask 0x40 on 0x21f
libmutter-Message: 12:44:31.496: KEYBINDINGS: Ungrabbing keybinding keycode 114 mask 0x48 on 0x21f
libmutter-Message: 12:44:31.497: KEYBINDINGS: Ungrabbing keybinding keycode 114 mask 0xc on 0x21f
libmutter-Message: 12:44:31.497: KEYBINDINGS: Ungrabbing keybinding keycode 40 mask 0x40 on 0x21f
libmutter-Message: 12:44:31.497: KEYBINDINGS: Ungrabbing keybinding keycode 111 mask 0xc on 0x21f
libmutter-Message: 12:44:31.497: KEYBINDINGS: Ungrabbing keybinding keycode 72 mask 0x8 on 0x21f
libmutter-Message: 12:44:31.497: KEYBINDINGS: Ungrabbing keybinding keycode 113 mask 0xc on 0x21f
libmutter-Message: 12:44:31.497: KEYBINDINGS: Ungrabbing keybinding keycode 113 mask 0x48 on 0x21f
libmutter-Message: 12:44:31.497: KEYBINDINGS: Ungrabbing keybinding keycode 112 mask 0x40 on 0x21f
libmutter-Message: 12:44:31.497: KEYBINDINGS: Ungrabbing keybinding keycode 9 mask 0xd on 0x21f
libmutter-Message: 12:44:31.497: KEYBINDINGS: Ungrabbing keybinding keycode 116 mask 0xc on 0x21f
libmutter-Message: 12:44:31.497: KEYBINDINGS: Ungrabbing keybinding keycode 72 mask 0x9 on 0x21f
libmutter-Message: 12:44:31.497: KEYBINDINGS: Ungrabbing keybinding keycode 23 mask 0x9 on 0x21f
libmutter-Message: 12:44:31.497: KEYBINDINGS: Ungrabbing keybinding keycode 23 mask 0x41 on 0x21f
libmutter-Message: 12:44:31.497: KEYBINDINGS: Ungrabbing keybinding keycode 33 mask 0x40 on 0x21f
libmutter-Message: 12:44:31.497: KEYBINDINGS: Ungrabbing keybinding keycode 161 mask 0x0 on 0x21f
libmutter-Message: 12:44:31.497: KEYBINDINGS: Ungrabbing keybinding keycode 9 mask 0x40 on 0x21f
libmutter-Message: 12:44:31.497: KEYBINDINGS: Ungrabbing keybinding keycode 49 mask 0x9 on 0x21f
libmutter-Message: 12:44:31.497: KEYBINDINGS: Ungrabbing keybinding keycode 68 mask 0x8 on 0x21f
libmutter-Message: 12:44:31.497: KEYBINDINGS: Ungrabbing keybinding keycode 74 mask 0x8 on 0x400003
libmutter-Message: 12:44:31.498: KEYBINDINGS: Ungrabbing keybinding keycode 73 mask 0x8 on 0x400003
libmutter-Message: 12:44:31.498: KEYBINDINGS: Ungrabbing keybinding keycode 114 mask 0x49 on 0x400003
libmutter-Message: 12:44:31.498: KEYBINDINGS: Ungrabbing keybinding keycode 114 mask 0xd on 0x400003
libmutter-Message: 12:44:31.498: KEYBINDINGS: Ungrabbing keybinding keycode 76 mask 0x8 on 0x400003
libmutter-Message: 12:44:31.498: KEYBINDINGS: Ungrabbing keybinding keycode 113 mask 0x49 on 0x400003
libmutter-Message: 12:44:31.498: KEYBINDINGS: Ungrabbing keybinding keycode 113 mask 0xd on 0x400003
libmutter-Message: 12:44:31.498: KEYBINDINGS: Ungrabbing keybinding keycode 112 mask 0x41 on 0x400003
libmutter-Message: 12:44:31.498: KEYBINDINGS: Ungrabbing keybinding keycode 111 mask 0x41 on 0x400003
libmutter-Message: 12:44:31.499: KEYBINDINGS: Ungrabbing keybinding keycode 43 mask 0x40 on 0x400003
libmutter-Message: 12:44:31.499: KEYBINDINGS: Ungrabbing keybinding keycode 116 mask 0xd on 0x400003
libmutter-Message: 12:44:31.499: KEYBINDINGS: Ungrabbing keybinding keycode 65 mask 0x8 on 0x400003
libmutter-Message: 12:44:31.499: KEYBINDINGS: Ungrabbing keybinding keycode 111 mask 0x40 on 0x400003
libmutter-Message: 12:44:31.499: KEYBINDINGS: Ungrabbing keybinding keycode 70 mask 0x8 on 0x400003
libmutter-Message: 12:44:31.499: KEYBINDINGS: Ungrabbing keybinding keycode 117 mask 0x41 on 0x400003
libmutter-Message: 12:44:31.499: KEYBINDINGS: Ungrabbing keybinding keycode 71 mask 0x8 on 0x400003
libmutter-Message: 12:44:31.499: KEYBINDINGS: Ungrabbing keybinding keycode 114 mask 0x40 on 0x400003
libmutter-Message: 12:44:31.499: KEYBINDINGS: Ungrabbing keybinding keycode 116 mask 0x40 on 0x400003
libmutter-Message: 12:44:31.499: KEYBINDINGS: Ungrabbing keybinding keycode 110 mask 0x41 on 0x400003
libmutter-Message: 12:44:31.499: KEYBINDINGS: Ungrabbing keybinding keycode 113 mask 0x40 on 0x400003
libmutter-Message: 12:44:31.499: KEYBINDINGS: Ungrabbing keybinding keycode 114 mask 0x41 on 0x400003
libmutter-Message: 12:44:31.499: KEYBINDINGS: Ungrabbing keybinding keycode 115 mask 0x41 on 0x400003
libmutter-Message: 12:44:31.499: KEYBINDINGS: Ungrabbing keybinding keycode 116 mask 0x41 on 0x400003
libmutter-Message: 12:44:31.499: KEYBINDINGS: Ungrabbing keybinding keycode 111 mask 0xd on 0x400003
libmutter-Message: 12:44:31.499: KEYBINDINGS: Ungrabbing keybinding keycode 113 mask 0x41 on 0x400003
libmutter-Message: 12:44:31.500: KEYBINDINGS: Ignoring modmask 0x12 scroll lock 0x0 hyper 0x40 super 0x40 meta 0x8
libmutter-Message: 12:44:31.500: KEYBINDINGS: Grabbing keybinding keycode 133 mask 0x0 on 0x21f
libmutter-Message: 12:44:31.500: KEYBINDINGS: Ungrabbing keybinding keycode 37 mask 0x0 on 0x21f
libmutter-Message: 12:44:31.500: KEYBINDINGS: Grabbing keybinding keycode 49 mask 0x8 on 0x21f
libmutter-Message: 12:44:31.500: KEYBINDINGS: Grabbing keybinding keycode 23 mask 0xd on 0x21f
libmutter-Message: 12:44:31.500: KEYBINDINGS: Grabbing keybinding keycode 235 mask 0x0 on 0x21f
libmutter-Message: 12:44:31.500: KEYBINDINGS: Grabbing keybinding keycode 9 mask 0xc on 0x21f
libmutter-Message: 12:44:31.500: KEYBINDINGS: Grabbing keybinding keycode 9 mask 0x8 on 0x21f
libmutter-Message: 12:44:31.500: KEYBINDINGS: Grabbing keybinding keycode 23 mask 0xc on 0x21f
libmutter-Message: 12:44:31.500: KEYBINDINGS: Grabbing keybinding keycode 110 mask 0x40 on 0x21f
libmutter-Message: 12:44:31.500: KEYBINDINGS: Grabbing keybinding keycode 9 mask 0x41 on 0x21f
libmutter-Message: 12:44:31.500: KEYBINDINGS: Grabbing keybinding keycode 9 mask 0x9 on 0x21f
libmutter-Message: 12:44:31.501: KEYBINDINGS: Grabbing keybinding keycode 117 mask 0x40 on 0x21f
libmutter-Message: 12:44:31.501: KEYBINDINGS: Grabbing keybinding keycode 49 mask 0x40 on 0x21f
libmutter-Message: 12:44:31.501: KEYBINDINGS: Grabbing keybinding keycode 115 mask 0x40 on 0x21f
libmutter-Message: 12:44:31.501: KEYBINDINGS: Grabbing keybinding keycode 49 mask 0x41 on 0x21f
libmutter-Message: 12:44:31.501: KEYBINDINGS: Grabbing keybinding keycode 23 mask 0x8 on 0x21f
libmutter-Message: 12:44:31.501: KEYBINDINGS: Grabbing keybinding keycode 23 mask 0x40 on 0x21f
libmutter-Message: 12:44:31.501: KEYBINDINGS: Grabbing keybinding keycode 114 mask 0x48 on 0x21f
libmutter-Message: 12:44:31.501: KEYBINDINGS: Grabbing keybinding keycode 114 mask 0xc on 0x21f
libmutter-Message: 12:44:31.501: KEYBINDINGS: Grabbing keybinding keycode 40 mask 0x40 on 0x21f
libmutter-Message: 12:44:31.501: KEYBINDINGS: Grabbing keybinding keycode 111 mask 0xc on 0x21f
libmutter-Message: 12:44:31.501: KEYBINDINGS: Grabbing keybinding keycode 72 mask 0x8 on 0x21f
libmutter-Message: 12:44:31.502: KEYBINDINGS: Grabbing keybinding keycode 113 mask 0xc on 0x21f
libmutter-Message: 12:44:31.502: KEYBINDINGS: Grabbing keybinding keycode 113 mask 0x48 on 0x21f
libmutter-Message: 12:44:31.502: KEYBINDINGS: Grabbing keybinding keycode 112 mask 0x40 on 0x21f
libmutter-Message: 12:44:31.502: KEYBINDINGS: Grabbing keybinding keycode 9 mask 0xd on 0x21f
libmutter-Message: 12:44:31.502: KEYBINDINGS: Grabbing keybinding keycode 116 mask 0xc on 0x21f
libmutter-Message: 12:44:31.502: KEYBINDINGS: Grabbing keybinding keycode 72 mask 0x9 on 0x21f
libmutter-Message: 12:44:31.502: KEYBINDINGS: Grabbing keybinding keycode 23 mask 0x9 on 0x21f
libmutter-Message: 12:44:31.502: KEYBINDINGS: Grabbing keybinding keycode 23 mask 0x41 on 0x21f
libmutter-Message: 12:44:31.503: KEYBINDINGS: Grabbing keybinding keycode 33 mask 0x40 on 0x21f
libmutter-Message: 12:44:31.503: KEYBINDINGS: Grabbing keybinding keycode 161 mask 0x0 on 0x21f
libmutter-Message: 12:44:31.503: KEYBINDINGS: Grabbing keybinding keycode 9 mask 0x40 on 0x21f
libmutter-Message: 12:44:31.503: KEYBINDINGS: Grabbing keybinding keycode 49 mask 0x9 on 0x21f
libmutter-Message: 12:44:31.503: KEYBINDINGS: Grabbing keybinding keycode 68 mask 0x8 on 0x21f
libmutter-Message: 12:44:31.503: KEYBINDINGS: Grabbing keybinding keycode 74 mask 0x8 on 0x400003
libmutter-Message: 12:44:31.503: KEYBINDINGS: Grabbing keybinding keycode 73 mask 0x8 on 0x400003
libmutter-Message: 12:44:31.504: KEYBINDINGS: Grabbing keybinding keycode 114 mask 0x49 on 0x400003
libmutter-Message: 12:44:31.504: KEYBINDINGS: Grabbing keybinding keycode 114 mask 0xd on 0x400003
libmutter-Message: 12:44:31.504: KEYBINDINGS: Grabbing keybinding keycode 76 mask 0x8 on 0x400003
libmutter-Message: 12:44:31.504: KEYBINDINGS: Grabbing keybinding keycode 113 mask 0x49 on 0x400003
libmutter-Message: 12:44:31.504: KEYBINDINGS: Grabbing keybinding keycode 113 mask 0xd on 0x400003
libmutter-Message: 12:44:31.504: KEYBINDINGS: Grabbing keybinding keycode 112 mask 0x41 on 0x400003
libmutter-Message: 12:44:31.504: KEYBINDINGS: Grabbing keybinding keycode 111 mask 0x41 on 0x400003
libmutter-Message: 12:44:31.504: KEYBINDINGS: Grabbing keybinding keycode 43 mask 0x40 on 0x400003
libmutter-Message: 12:44:31.504: KEYBINDINGS: Grabbing keybinding keycode 116 mask 0xd on 0x400003
libmutter-Message: 12:44:31.504: KEYBINDINGS: Grabbing keybinding keycode 65 mask 0x8 on 0x400003
libmutter-Message: 12:44:31.504: KEYBINDINGS: Grabbing keybinding keycode 111 mask 0x40 on 0x400003
libmutter-Message: 12:44:31.504: KEYBINDINGS: Grabbing keybinding keycode 70 mask 0x8 on 0x400003
libmutter-Message: 12:44:31.505: KEYBINDINGS: Grabbing keybinding keycode 117 mask 0x41 on 0x400003
libmutter-Message: 12:44:31.505: KEYBINDINGS: Grabbing keybinding keycode 71 mask 0x8 on 0x400003
libmutter-Message: 12:44:31.505: KEYBINDINGS: Grabbing keybinding keycode 114 mask 0x40 on 0x400003
libmutter-Message: 12:44:31.505: KEYBINDINGS: Grabbing keybinding keycode 116 mask 0x40 on 0x400003
libmutter-Message: 12:44:31.505: KEYBINDINGS: Grabbing keybinding keycode 110 mask 0x41 on 0x400003
libmutter-Message: 12:44:31.505: KEYBINDINGS: Grabbing keybinding keycode 113 mask 0x40 on 0x400003
libmutter-Message: 12:44:31.505: KEYBINDINGS: Grabbing keybinding keycode 114 mask 0x41 on 0x400003
libmutter-Message: 12:44:31.505: KEYBINDINGS: Grabbing keybinding keycode 115 mask 0x41 on 0x400003
libmutter-Message: 12:44:31.506: KEYBINDINGS: Grabbing keybinding keycode 116 mask 0x41 on 0x400003
libmutter-Message: 12:44:31.506: KEYBINDINGS: Grabbing keybinding keycode 111 mask 0xd on 0x400003
libmutter-Message: 12:44:31.506: KEYBINDINGS: Grabbing keybinding keycode 113 mask 0x41 on 0x400003
GNOME Shell-Message: 12:44:31.512: Failed to launch ibus-daemon: Failed to execute child process “ibus-daemon” (No such file or directory)

(gnome-shell:426): GNOME Shell-CRITICAL **: 12:44:31.520: Gio.DBusError: GDBus.Error:org.freedesktop.DBus.Error.ServiceUnknown: The name org.gnome.Shell.CalendarServer was not provided by any .service files

Stack trace:
  asyncCallback@resource:///org/gnome/gjs/modules/core/overrides/Gio.js:114:23
  @resource:///org/gnome/shell/ui/init.js:21:20
  

(gnome-shell:426): GNOME Shell-CRITICAL **: 12:44:31.520: Gio.DBusError: GDBus.Error:org.freedesktop.DBus.Error.ServiceUnknown: The name org.gnome.Shell.CalendarServer was not provided by any .service files

Stack trace:
  asyncCallback@resource:///org/gnome/gjs/modules/core/overrides/Gio.js:114:23
  @resource:///org/gnome/shell/ui/init.js:21:20
  
GNOME Shell-Message: 12:44:31.527: Failed to register AuthenticationAgent

(gnome-shell:426): accountsservice-WARNING **: 12:44:31.560: ActUserManager: user (null) has no username (uid: -1)
GNOME Shell-Message: 12:44:31.560: No permission to control network connections: Gio.DBusError: GDBus.Error:org.freedesktop.DBus.Error.ServiceUnknown: The name org.freedesktop.PolicyKit1 was not provided by any .service files

(gnome-shell:426): GNOME Shell-WARNING **: 12:44:31.566: Missing required core component Settings, expect trouble…
[E] pw.loop [loop.c:67 pw_loop_new()] 0x61c1356e6e60: can't make support.system handle: No such file or directory
** Message: 12:44:31.568: Failed to start camera monitor
GNOME Shell-Message: 12:44:31.591: Failed to get PolKit permission: Gio.DBusError: GDBus.Error:org.freedesktop.DBus.Error.ServiceUnknown: The name org.freedesktop.PolicyKit1 was not provided by any .service files
GNOME Shell-Message: 12:44:31.592: GDBus.Error:org.freedesktop.DBus.Error.ServiceUnknown: The name org.freedesktop.GeoClue2 was not provided by any .service files
libmutter-Message: 12:44:31.592: KEYBINDINGS: Ungrabbing keybinding keycode 133 mask 0x0 on 0x21f
libmutter-Message: 12:44:31.592: KEYBINDINGS: Ungrabbing keybinding keycode 37 mask 0x0 on 0x21f
libmutter-Message: 12:44:31.592: KEYBINDINGS: Ungrabbing keybinding keycode 49 mask 0x8 on 0x21f
libmutter-Message: 12:44:31.592: KEYBINDINGS: Ungrabbing keybinding keycode 23 mask 0xd on 0x21f
libmutter-Message: 12:44:31.592: KEYBINDINGS: Ungrabbing keybinding keycode 235 mask 0x0 on 0x21f
libmutter-Message: 12:44:31.592: KEYBINDINGS: Ungrabbing keybinding keycode 9 mask 0xc on 0x21f
libmutter-Message: 12:44:31.593: KEYBINDINGS: Ungrabbing keybinding keycode 9 mask 0x8 on 0x21f
libmutter-Message: 12:44:31.593: KEYBINDINGS: Ungrabbing keybinding keycode 23 mask 0xc on 0x21f
libmutter-Message: 12:44:31.593: KEYBINDINGS: Ungrabbing keybinding keycode 110 mask 0x40 on 0x21f
libmutter-Message: 12:44:31.593: KEYBINDINGS: Ungrabbing keybinding keycode 9 mask 0x41 on 0x21f
libmutter-Message: 12:44:31.593: KEYBINDINGS: Ungrabbing keybinding keycode 9 mask 0x9 on 0x21f
libmutter-Message: 12:44:31.593: KEYBINDINGS: Ungrabbing keybinding keycode 117 mask 0x40 on 0x21f
libmutter-Message: 12:44:31.593: KEYBINDINGS: Ungrabbing keybinding keycode 49 mask 0x40 on 0x21f
libmutter-Message: 12:44:31.593: KEYBINDINGS: Ungrabbing keybinding keycode 115 mask 0x40 on 0x21f
libmutter-Message: 12:44:31.593: KEYBINDINGS: Ungrabbing keybinding keycode 49 mask 0x41 on 0x21f
libmutter-Message: 12:44:31.593: KEYBINDINGS: Ungrabbing keybinding keycode 23 mask 0x8 on 0x21f
libmutter-Message: 12:44:31.593: KEYBINDINGS: Ungrabbing keybinding keycode 23 mask 0x40 on 0x21f
libmutter-Message: 12:44:31.593: KEYBINDINGS: Ungrabbing keybinding keycode 114 mask 0x48 on 0x21f
libmutter-Message: 12:44:31.593: KEYBINDINGS: Ungrabbing keybinding keycode 114 mask 0xc on 0x21f
libmutter-Message: 12:44:31.593: KEYBINDINGS: Ungrabbing keybinding keycode 40 mask 0x40 on 0x21f
libmutter-Message: 12:44:31.593: KEYBINDINGS: Ungrabbing keybinding keycode 111 mask 0xc on 0x21f
libmutter-Message: 12:44:31.594: KEYBINDINGS: Ungrabbing keybinding keycode 72 mask 0x8 on 0x21f
libmutter-Message: 12:44:31.594: KEYBINDINGS: Ungrabbing keybinding keycode 113 mask 0xc on 0x21f
libmutter-Message: 12:44:31.594: KEYBINDINGS: Ungrabbing keybinding keycode 113 mask 0x48 on 0x21f
libmutter-Message: 12:44:31.594: KEYBINDINGS: Ungrabbing keybinding keycode 112 mask 0x40 on 0x21f
libmutter-Message: 12:44:31.594: KEYBINDINGS: Ungrabbing keybinding keycode 9 mask 0xd on 0x21f
libmutter-Message: 12:44:31.594: KEYBINDINGS: Ungrabbing keybinding keycode 116 mask 0xc on 0x21f
libmutter-Message: 12:44:31.594: KEYBINDINGS: Ungrabbing keybinding keycode 72 mask 0x9 on 0x21f
libmutter-Message: 12:44:31.594: KEYBINDINGS: Ungrabbing keybinding keycode 23 mask 0x9 on 0x21f
libmutter-Message: 12:44:31.594: KEYBINDINGS: Ungrabbing keybinding keycode 23 mask 0x41 on 0x21f
libmutter-Message: 12:44:31.594: KEYBINDINGS: Ungrabbing keybinding keycode 33 mask 0x40 on 0x21f
libmutter-Message: 12:44:31.594: KEYBINDINGS: Ungrabbing keybinding keycode 161 mask 0x0 on 0x21f
libmutter-Message: 12:44:31.594: KEYBINDINGS: Ungrabbing keybinding keycode 9 mask 0x40 on 0x21f
libmutter-Message: 12:44:31.594: KEYBINDINGS: Ungrabbing keybinding keycode 49 mask 0x9 on 0x21f
libmutter-Message: 12:44:31.594: KEYBINDINGS: Ungrabbing keybinding keycode 68 mask 0x8 on 0x21f
libmutter-Message: 12:44:31.594: KEYBINDINGS: Ungrabbing keybinding keycode 74 mask 0x8 on 0x400003
libmutter-Message: 12:44:31.594: KEYBINDINGS: Ungrabbing keybinding keycode 73 mask 0x8 on 0x400003
libmutter-Message: 12:44:31.594: KEYBINDINGS: Ungrabbing keybinding keycode 114 mask 0x49 on 0x400003
libmutter-Message: 12:44:31.594: KEYBINDINGS: Ungrabbing keybinding keycode 114 mask 0xd on 0x400003
libmutter-Message: 12:44:31.594: KEYBINDINGS: Ungrabbing keybinding keycode 76 mask 0x8 on 0x400003
libmutter-Message: 12:44:31.595: KEYBINDINGS: Ungrabbing keybinding keycode 113 mask 0x49 on 0x400003
libmutter-Message: 12:44:31.595: KEYBINDINGS: Ungrabbing keybinding keycode 113 mask 0xd on 0x400003
libmutter-Message: 12:44:31.595: KEYBINDINGS: Ungrabbing keybinding keycode 112 mask 0x41 on 0x400003
libmutter-Message: 12:44:31.595: KEYBINDINGS: Ungrabbing keybinding keycode 111 mask 0x41 on 0x400003
libmutter-Message: 12:44:31.595: KEYBINDINGS: Ungrabbing keybinding keycode 43 mask 0x40 on 0x400003
libmutter-Message: 12:44:31.595: KEYBINDINGS: Ungrabbing keybinding keycode 116 mask 0xd on 0x400003
libmutter-Message: 12:44:31.595: KEYBINDINGS: Ungrabbing keybinding keycode 65 mask 0x8 on 0x400003
libmutter-Message: 12:44:31.595: KEYBINDINGS: Ungrabbing keybinding keycode 111 mask 0x40 on 0x400003
libmutter-Message: 12:44:31.595: KEYBINDINGS: Ungrabbing keybinding keycode 70 mask 0x8 on 0x400003
libmutter-Message: 12:44:31.595: KEYBINDINGS: Ungrabbing keybinding keycode 117 mask 0x41 on 0x400003
libmutter-Message: 12:44:31.595: KEYBINDINGS: Ungrabbing keybinding keycode 71 mask 0x8 on 0x400003
libmutter-Message: 12:44:31.595: KEYBINDINGS: Ungrabbing keybinding keycode 114 mask 0x40 on 0x400003
libmutter-Message: 12:44:31.595: KEYBINDINGS: Ungrabbing keybinding keycode 116 mask 0x40 on 0x400003
libmutter-Message: 12:44:31.595: KEYBINDINGS: Ungrabbing keybinding keycode 110 mask 0x41 on 0x400003
libmutter-Message: 12:44:31.595: KEYBINDINGS: Ungrabbing keybinding keycode 113 mask 0x40 on 0x400003
libmutter-Message: 12:44:31.595: KEYBINDINGS: Ungrabbing keybinding keycode 114 mask 0x41 on 0x400003
libmutter-Message: 12:44:31.595: KEYBINDINGS: Ungrabbing keybinding keycode 115 mask 0x41 on 0x400003
libmutter-Message: 12:44:31.595: KEYBINDINGS: Ungrabbing keybinding keycode 116 mask 0x41 on 0x400003
libmutter-Message: 12:44:31.595: KEYBINDINGS: Ungrabbing keybinding keycode 111 mask 0xd on 0x400003
libmutter-Message: 12:44:31.595: KEYBINDINGS: Ungrabbing keybinding keycode 113 mask 0x41 on 0x400003
libmutter-Message: 12:44:31.595: KEYBINDINGS: Rebuilding key binding table from preferences
libmutter-Message: 12:44:31.596: KEYBINDINGS:  93 bindings in table
libmutter-Message: 12:44:31.596: KEYBINDINGS: Grabbing keybinding keycode 133 mask 0x0 on 0x21f
libmutter-Message: 12:44:31.596: KEYBINDINGS: Ungrabbing keybinding keycode 37 mask 0x0 on 0x21f
libmutter-Message: 12:44:31.596: KEYBINDINGS: Grabbing keybinding keycode 161 mask 0x0 on 0x21f
libmutter-Message: 12:44:31.596: KEYBINDINGS: Grabbing keybinding keycode 15 mask 0x44 on 0x21f
libmutter-Message: 12:44:31.596: KEYBINDINGS: Grabbing keybinding keycode 14 mask 0x44 on 0x21f
libmutter-Message: 12:44:31.596: KEYBINDINGS: Grabbing keybinding keycode 49 mask 0x40 on 0x21f
libmutter-Message: 12:44:31.596: KEYBINDINGS: Grabbing keybinding keycode 14 mask 0x40 on 0x21f
libmutter-Message: 12:44:31.596: KEYBINDINGS: Grabbing keybinding keycode 110 mask 0x40 on 0x21f
libmutter-Message: 12:44:31.596: KEYBINDINGS: Grabbing keybinding keycode 23 mask 0x8 on 0x21f
libmutter-Message: 12:44:31.596: KEYBINDINGS: Grabbing keybinding keycode 49 mask 0x9 on 0x21f
libmutter-Message: 12:44:31.596: KEYBINDINGS: Grabbing keybinding keycode 15 mask 0x40 on 0x21f
libmutter-Message: 12:44:31.597: KEYBINDINGS: Grabbing keybinding keycode 13 mask 0x40 on 0x21f
libmutter-Message: 12:44:31.597: KEYBINDINGS: Grabbing keybinding keycode 10 mask 0x40 on 0x21f
libmutter-Message: 12:44:31.597: KEYBINDINGS: Grabbing keybinding keycode 55 mask 0x40 on 0x21f
libmutter-Message: 12:44:31.597: KEYBINDINGS: Grabbing keybinding keycode 49 mask 0x8 on 0x21f
libmutter-Message: 12:44:31.597: KEYBINDINGS: Grabbing keybinding keycode 107 mask 0x1 on 0x21f
libmutter-Message: 12:44:31.597: KEYBINDINGS: Grabbing keybinding keycode 218 mask 0x1 on 0x21f
libmutter-Message: 12:44:31.597: KEYBINDINGS: Grabbing keybinding keycode 115 mask 0x40 on 0x21f
libmutter-Message: 12:44:31.597: KEYBINDINGS: Grabbing keybinding keycode 68 mask 0x8 on 0x21f
libmutter-Message: 12:44:31.597: KEYBINDINGS: Grabbing keybinding keycode 111 mask 0x48 on 0x21f
libmutter-Message: 12:44:31.597: KEYBINDINGS: Grabbing keybinding keycode 18 mask 0x44 on 0x21f
libmutter-Message: 12:44:31.598: KEYBINDINGS: Grabbing keybinding keycode 114 mask 0xc on 0x21f
libmutter-Message: 12:44:31.598: KEYBINDINGS: Grabbing keybinding keycode 13 mask 0x44 on 0x21f
libmutter-Message: 12:44:31.598: KEYBINDINGS: Grabbing keybinding keycode 10 mask 0x44 on 0x21f
libmutter-Message: 12:44:31.598: KEYBINDINGS: Grabbing keybinding keycode 38 mask 0x40 on 0x21f
libmutter-Message: 12:44:31.598: KEYBINDINGS: Grabbing keybinding keycode 27 mask 0xd on 0x21f
libmutter-Message: 12:44:31.598: KEYBINDINGS: Grabbing keybinding keycode 111 mask 0xc on 0x21f
libmutter-Message: 12:44:31.598: KEYBINDINGS: Grabbing keybinding keycode 49 mask 0x41 on 0x21f
libmutter-Message: 12:44:31.598: KEYBINDINGS: Grabbing keybinding keycode 9 mask 0xc on 0x21f
libmutter-Message: 12:44:31.599: KEYBINDINGS: Grabbing keybinding keycode 23 mask 0xd on 0x21f
libmutter-Message: 12:44:31.599: KEYBINDINGS: Grabbing keybinding keycode 16 mask 0x40 on 0x21f
libmutter-Message: 12:44:31.599: KEYBINDINGS: Grabbing keybinding keycode 107 mask 0x0 on 0x21f
libmutter-Message: 12:44:31.599: KEYBINDINGS: Grabbing keybinding keycode 218 mask 0x0 on 0x21f
libmutter-Message: 12:44:31.599: KEYBINDINGS: Grabbing keybinding keycode 23 mask 0x40 on 0x21f
libmutter-Message: 12:44:31.599: KEYBINDINGS: Grabbing keybinding keycode 114 mask 0x48 on 0x21f
libmutter-Message: 12:44:31.599: KEYBINDINGS: Grabbing keybinding keycode 17 mask 0x40 on 0x21f
libmutter-Message: 12:44:31.600: KEYBINDINGS: Grabbing keybinding keycode 112 mask 0x40 on 0x21f
libmutter-Message: 12:44:31.600: KEYBINDINGS: Grabbing keybinding keycode 9 mask 0x41 on 0x21f
libmutter-Message: 12:44:31.600: KEYBINDINGS: Grabbing keybinding keycode 40 mask 0x40 on 0x21f
libmutter-Message: 12:44:31.600: KEYBINDINGS: Grabbing keybinding keycode 113 mask 0x48 on 0x21f
libmutter-Message: 12:44:31.600: KEYBINDINGS: Grabbing keybinding keycode 72 mask 0x9 on 0x21f
libmutter-Message: 12:44:31.600: KEYBINDINGS: Grabbing keybinding keycode 11 mask 0x44 on 0x21f
libmutter-Message: 12:44:31.600: KEYBINDINGS: Grabbing keybinding keycode 12 mask 0x40 on 0x21f
libmutter-Message: 12:44:31.600: KEYBINDINGS: Grabbing keybinding keycode 9 mask 0xd on 0x21f
libmutter-Message: 12:44:31.601: KEYBINDINGS: Grabbing keybinding keycode 113 mask 0xc on 0x21f
libmutter-Message: 12:44:31.601: KEYBINDINGS: Grabbing keybinding keycode 9 mask 0x9 on 0x21f
libmutter-Message: 12:44:31.601: KEYBINDINGS: Grabbing keybinding keycode 12 mask 0x44 on 0x21f
libmutter-Message: 12:44:31.601: KEYBINDINGS: Grabbing keybinding keycode 117 mask 0x40 on 0x21f
libmutter-Message: 12:44:31.601: KEYBINDINGS: Grabbing keybinding keycode 235 mask 0x0 on 0x21f
libmutter-Message: 12:44:31.601: KEYBINDINGS: Grabbing keybinding keycode 23 mask 0x41 on 0x21f
libmutter-Message: 12:44:31.602: KEYBINDINGS: Grabbing keybinding keycode 18 mask 0x40 on 0x21f
libmutter-Message: 12:44:31.602: KEYBINDINGS: Grabbing keybinding keycode 65 mask 0x40 on 0x21f
libmutter-Message: 12:44:31.602: KEYBINDINGS: Grabbing keybinding keycode 57 mask 0x40 on 0x21f
libmutter-Message: 12:44:31.602: KEYBINDINGS: Grabbing keybinding keycode 116 mask 0xc on 0x21f
libmutter-Message: 12:44:31.602: KEYBINDINGS: Grabbing keybinding keycode 16 mask 0x44 on 0x21f
libmutter-Message: 12:44:31.602: KEYBINDINGS: Grabbing keybinding keycode 23 mask 0x9 on 0x21f
libmutter-Message: 12:44:31.602: KEYBINDINGS: Grabbing keybinding keycode 116 mask 0x48 on 0x21f
libmutter-Message: 12:44:31.603: KEYBINDINGS: Grabbing keybinding keycode 72 mask 0x8 on 0x21f
libmutter-Message: 12:44:31.603: KEYBINDINGS: Grabbing keybinding keycode 9 mask 0x8 on 0x21f
libmutter-Message: 12:44:31.603: KEYBINDINGS: Grabbing keybinding keycode 9 mask 0x40 on 0x21f
libmutter-Message: 12:44:31.603: KEYBINDINGS: Grabbing keybinding keycode 39 mask 0x40 on 0x21f
libmutter-Message: 12:44:31.603: KEYBINDINGS: Grabbing keybinding keycode 65 mask 0x41 on 0x21f
libmutter-Message: 12:44:31.604: KEYBINDINGS: Grabbing keybinding keycode 17 mask 0x44 on 0x21f
libmutter-Message: 12:44:31.604: KEYBINDINGS: Grabbing keybinding keycode 23 mask 0xc on 0x21f
libmutter-Message: 12:44:31.604: KEYBINDINGS: Grabbing keybinding keycode 33 mask 0x40 on 0x21f
libmutter-Message: 12:44:31.604: KEYBINDINGS: Grabbing keybinding keycode 11 mask 0x40 on 0x21f
libmutter-Message: 12:44:31.604: KEYBINDINGS: Grabbing keybinding keycode 58 mask 0x40 on 0x21f
libmutter-Message: 12:44:31.604: KEYBINDINGS: Grabbing keybinding keycode 65 mask 0x8 on 0x400003
libmutter-Message: 12:44:31.605: KEYBINDINGS: Grabbing keybinding keycode 115 mask 0x41 on 0x400003
libmutter-Message: 12:44:31.605: KEYBINDINGS: Grabbing keybinding keycode 111 mask 0xd on 0x400003
libmutter-Message: 12:44:31.605: KEYBINDINGS: Grabbing keybinding keycode 117 mask 0x41 on 0x400003
libmutter-Message: 12:44:31.605: KEYBINDINGS: Grabbing keybinding keycode 73 mask 0x8 on 0x400003
libmutter-Message: 12:44:31.605: KEYBINDINGS: Grabbing keybinding keycode 114 mask 0x41 on 0x400003
libmutter-Message: 12:44:31.605: KEYBINDINGS: Grabbing keybinding keycode 76 mask 0x8 on 0x400003
libmutter-Message: 12:44:31.605: KEYBINDINGS: Grabbing keybinding keycode 114 mask 0x40 on 0x400003
libmutter-Message: 12:44:31.605: KEYBINDINGS: Grabbing keybinding keycode 111 mask 0x41 on 0x400003
libmutter-Message: 12:44:31.605: KEYBINDINGS: Grabbing keybinding keycode 43 mask 0x40 on 0x400003
libmutter-Message: 12:44:31.605: KEYBINDINGS: Grabbing keybinding keycode 113 mask 0xd on 0x400003
libmutter-Message: 12:44:31.606: KEYBINDINGS: Grabbing keybinding keycode 71 mask 0x8 on 0x400003
libmutter-Message: 12:44:31.606: KEYBINDINGS: Grabbing keybinding keycode 114 mask 0x49 on 0x400003
libmutter-Message: 12:44:31.606: KEYBINDINGS: Grabbing keybinding keycode 110 mask 0x41 on 0x400003
libmutter-Message: 12:44:31.606: KEYBINDINGS: Grabbing keybinding keycode 111 mask 0x40 on 0x400003
libmutter-Message: 12:44:31.606: KEYBINDINGS: Grabbing keybinding keycode 113 mask 0x49 on 0x400003
libmutter-Message: 12:44:31.606: KEYBINDINGS: Grabbing keybinding keycode 116 mask 0x40 on 0x400003
libmutter-Message: 12:44:31.607: KEYBINDINGS: Grabbing keybinding keycode 113 mask 0x41 on 0x400003
libmutter-Message: 12:44:31.607: KEYBINDINGS: Grabbing keybinding keycode 70 mask 0x8 on 0x400003
libmutter-Message: 12:44:31.607: KEYBINDINGS: Grabbing keybinding keycode 113 mask 0x40 on 0x400003
libmutter-Message: 12:44:31.607: KEYBINDINGS: Grabbing keybinding keycode 116 mask 0x41 on 0x400003
libmutter-Message: 12:44:31.607: KEYBINDINGS: Grabbing keybinding keycode 112 mask 0x41 on 0x400003
libmutter-Message: 12:44:31.607: KEYBINDINGS: Grabbing keybinding keycode 74 mask 0x8 on 0x400003
libmutter-Message: 12:44:31.607: KEYBINDINGS: Grabbing keybinding keycode 107 mask 0x8 on 0x400003
libmutter-Message: 12:44:31.607: KEYBINDINGS: Grabbing keybinding keycode 218 mask 0x8 on 0x400003
libmutter-Message: 12:44:31.608: KEYBINDINGS: Grabbing keybinding keycode 116 mask 0xd on 0x400003
libmutter-Message: 12:44:31.608: KEYBINDINGS: Grabbing keybinding keycode 114 mask 0xd on 0x400003
libmutter-Message: 12:44:31.639: WINDOW_STATE: Queueing move-resize for window '0x400003'
libmutter-Message: 12:44:31.655: WINDOW_STATE: Unqueuing move-resize for window '0x400003'
libmutter-Message: 12:44:31.655: WINDOW_STATE: Showing window 0x400003, iconic: 0 placed: 0
libmutter-Message: 12:44:31.655: WINDOW_STATE: Window 0x400003 does focus on map, and does place on top on map.
libmutter-Message: 12:44:31.656: FOCUS: Setting input focus to window 0x400003, input: 1 focusable: 1
libmutter-Message: 12:44:31.656: WINDOW_STATE: Unqueuing calc-showing for window '0x400003'
libmutter-Message: 12:44:31.656: WINDOW_STATE: Running calc-showing for window '0x400003'
libmutter-Message: 12:44:31.656: WINDOW_STATE: Showing window 0x400003, iconic: 0 placed: 1
libmutter-Message: 12:44:31.656: WINDOW_STATE: Window 0x400003 does focus on map, and does place on top on map.
libmutter-Message: 12:44:31.656: FOCUS: Setting input focus on 0x400003 since input = true
libmutter-Message: 12:44:31.656: FOCUS: Setting X11 input focus for window 0x400003 to 0x400003
libmutter-Message: 12:44:31.656: FOCUS: Updating X11 focus window from 0x600003 to 0x400003
libmutter-Message: 12:44:31.656: FOCUS: * Focus --> 0x400003
libmutter-Message: 12:44:31.656: FOCUS: Sending WM_TAKE_FOCUS to 0x400003 since take_focus = true
libmutter-Message: 12:44:31.656: FOCUS: WM_TAKE_FOCUS(0x400003, 6729)
libmutter-Message: 12:44:31.820: FOCUS: Focus in event received on 0x400003 0x400003 (client window) mode NotifyNormal detail NotifyAncestor serial 355
libmutter-Message: 12:44:31.821: FOCUS: Focus out event received on 0x400003 0x400003 (client window) mode NotifyNormal detail NotifyAncestor serial 370
libmutter-Message: 12:44:31.821: FOCUS: Ignoring focus out with NotifyInferior
GNOME Shell-Message: 12:44:32.076: GNOME Shell started at Tue Oct 06 2026 12:44:31 GMT+1100 (Australian Eastern Daylight Time)
GNOME Shell-Message: 12:44:32.082: Registering session with GDM
libmutter-Message: 12:44:32.141: FOCUS: Focus out event received on 0x400003 0x400003 (client window) mode NotifyGrab detail NotifyVirtual serial 399
libmutter-Message: 12:44:32.141: FOCUS: Ignoring focus event generated by a grab or other weirdness
GNOME Shell-Message: 12:44:32.148: Error registering session with GDM: GDBus.Error:org.freedesktop.DBus.Error.ServiceUnknown: The name org.gnome.DisplayManager was not provided by any .service files
GNOME Shell-Message: 12:44:32.149: Launching DING process

(gnome-shell:426): Gjs-WARNING **: 12:44:32.153: Gio.UnixInputStream has been moved to a separate platform-specific library. Please update your code to use GioUnix.InputStream instead.
0 spawnv() ["file:///home/ir4runner/.cache/syspane/campaign-229a498/linux-x64-gcc13/GNOME-FOCUS-BASELINE-01-0c99d784f08641f7aa47d42e43317d94/data/gnome-shell/extensions/ding@rastersoft.com/extension.js":521:76]
1 launchDesktop() ["file:///home/ir4runner/.cache/syspane/campaign-229a498/linux-x64-gcc13/GNOME-FOCUS-BASELINE-01-0c99d784f08641f7aa47d42e43317d94/data/gnome-shell/extensions/ding@rastersoft.com/extension.js":439:37]
2 innerEnable/this.data.dbusConnectionId<() ["file:///home/ir4runner/.cache/syspane/campaign-229a498/linux-x64-gcc13/GNOME-FOCUS-BASELINE-01-0c99d784f08641f7aa47d42e43317d94/data/gnome-shell/extensions/ding@rastersoft.com/extension.js":251:17]
3 anonymous() ["resource:///org/gnome/shell/ui/init.js":21:19]

DING: (gjs:510): Gjs-Console-CRITICAL **: 12:44:32.218: Gio.DBusError: GDBus.Error:org.freedesktop.DBus.Error.ServiceUnknown: The name org.gnome.Nautilus was not provided by any .service files
DING: _proxyInvoker@resource:///org/gnome/gjs/modules/core/overrides/Gio.js:122:46
DING: _makeProxyMethod/<@resource:///org/gnome/gjs/modules/core/overrides/Gio.js:147:30
DING: getIntrospectionData@/home/ir4runner/.cache/syspane/campaign-229a498/linux-x64-gcc13/GNOME-FOCUS-BASELINE-01-0c99d784f08641f7aa47d42e43317d94/data/gnome-shell/extensions/ding@rastersoft.com/app/dbusUtils.js:419:27
DING: init@/home/ir4runner/.cache/syspane/campaign-229a498/linux-x64-gcc13/GNOME-FOCUS-BASELINE-01-0c99d784f08641f7aa47d42e43317d94/data/gnome-shell/extensions/ding@rastersoft.com/app/dbusUtils.js:923:34
DING: @/home/ir4runner/.cache/syspane/campaign-229a498/linux-x64-gcc13/GNOME-FOCUS-BASELINE-01-0c99d784f08641f7aa47d42e43317d94/data/gnome-shell/extensions/ding@rastersoft.com/app/ding.js:175:29
DING: @/home/ir4runner/.cache/syspane/campaign-229a498/linux-x64-gcc13/GNOME-FOCUS-BASELINE-01-0c99d784f08641f7aa47d42e43317d94/data/gnome-shell/extensions/ding@rastersoft.com/app/ding.js:206:13
DING:    Error getting introspection data over Dbus.
DING: Emulating NautilusFileOperations2 with the old NautilusFileOperations interface
DING: Detected async api for thumbnails
DING: (gjs:510): Gjs-WARNING **: 12:44:32.248: GLib.unix_signal_add has been moved to a separate platform-specific library. Please update your code to use GLibUnix.signal_add instead.
DING: 0 DesktopManager() ["/home/ir4runner/.cache/syspane/campaign-229a498/linux-x64-gcc13/GNOME-FOCUS-BASELINE-01-0c99d784f08641f7aa47d42e43317d94/data/gnome-shell/extensions/ding@rastersoft.com/app/desktopManager.js":264:12]
DING: 1 anonymous() ["/home/ir4runner/.cache/syspane/campaign-229a498/linux-x64-gcc13/GNOME-FOCUS-BASELINE-01-0c99d784f08641f7aa47d42e43317d94/data/gnome-shell/extensions/ding@rastersoft.com/app/ding.js":180:25]
DING: 2 anonymous() ["/home/ir4runner/.cache/syspane/campaign-229a498/linux-x64-gcc13/GNOME-FOCUS-BASELINE-01-0c99d784f08641f7aa47d42e43317d94/data/gnome-shell/extensions/ding@rastersoft.com/app/ding.js":197:20]
DING: 3 <TOP LEVEL> ["/home/ir4runner/.cache/syspane/campaign-229a498/linux-x64-gcc13/GNOME-FOCUS-BASELINE-01-0c99d784f08641f7aa47d42e43317d94/data/gnome-shell/extensions/ding@rastersoft.com/app/ding.js":206:12]
DING: nautilus: error while loading shared libraries: libunity-protocol-private.so.0: cannot open shared object file: No such file or directory
DING: Failed to store the desktop coordinates for file:///home/ir4runner/.cache/syspane/campaign-229a498/linux-x64-gcc13/GNOME-FOCUS-BASELINE-01-0c99d784f08641f7aa47d42e43317d94/home/Desktop/Probe%20Folder: Gio.IOErrorEnum: Setting attribute metadata::nautilus-icon-position not supported
libmutter-Message: 12:44:32.352: WINDOW_STATE: Queueing move-resize for window '0xc00008'
libmutter-Message: 12:44:32.353: WINDOW_STATE: Queueing calc-showing for window '0xc00008'
libmutter-Message: 12:44:32.353: KEYBINDINGS: Grabbing keybinding keycode 65 mask 0x8 on 0xc00008
libmutter-Message: 12:44:32.353: KEYBINDINGS: Grabbing keybinding keycode 115 mask 0x41 on 0xc00008
libmutter-Message: 12:44:32.353: KEYBINDINGS: Grabbing keybinding keycode 111 mask 0xd on 0xc00008
libmutter-Message: 12:44:32.353: KEYBINDINGS: Grabbing keybinding keycode 117 mask 0x41 on 0xc00008
libmutter-Message: 12:44:32.353: KEYBINDINGS: Grabbing keybinding keycode 73 mask 0x8 on 0xc00008
libmutter-Message: 12:44:32.353: KEYBINDINGS: Grabbing keybinding keycode 114 mask 0x41 on 0xc00008
libmutter-Message: 12:44:32.353: KEYBINDINGS: Grabbing keybinding keycode 76 mask 0x8 on 0xc00008
libmutter-Message: 12:44:32.353: KEYBINDINGS: Grabbing keybinding keycode 114 mask 0x40 on 0xc00008
libmutter-Message: 12:44:32.353: KEYBINDINGS: Grabbing keybinding keycode 111 mask 0x41 on 0xc00008
libmutter-Message: 12:44:32.353: KEYBINDINGS: Grabbing keybinding keycode 43 mask 0x40 on 0xc00008
libmutter-Message: 12:44:32.354: KEYBINDINGS: Grabbing keybinding keycode 113 mask 0xd on 0xc00008
libmutter-Message: 12:44:32.354: KEYBINDINGS: Grabbing keybinding keycode 71 mask 0x8 on 0xc00008
libmutter-Message: 12:44:32.354: KEYBINDINGS: Grabbing keybinding keycode 114 mask 0x49 on 0xc00008
libmutter-Message: 12:44:32.354: KEYBINDINGS: Grabbing keybinding keycode 110 mask 0x41 on 0xc00008
libmutter-Message: 12:44:32.354: KEYBINDINGS: Grabbing keybinding keycode 111 mask 0x40 on 0xc00008
libmutter-Message: 12:44:32.354: KEYBINDINGS: Grabbing keybinding keycode 113 mask 0x49 on 0xc00008
libmutter-Message: 12:44:32.354: KEYBINDINGS: Grabbing keybinding keycode 116 mask 0x40 on 0xc00008
libmutter-Message: 12:44:32.354: KEYBINDINGS: Grabbing keybinding keycode 113 mask 0x41 on 0xc00008
libmutter-Message: 12:44:32.355: KEYBINDINGS: Grabbing keybinding keycode 70 mask 0x8 on 0xc00008
libmutter-Message: 12:44:32.355: KEYBINDINGS: Grabbing keybinding keycode 113 mask 0x40 on 0xc00008
libmutter-Message: 12:44:32.355: KEYBINDINGS: Grabbing keybinding keycode 116 mask 0x41 on 0xc00008
libmutter-Message: 12:44:32.355: KEYBINDINGS: Grabbing keybinding keycode 112 mask 0x41 on 0xc00008
libmutter-Message: 12:44:32.355: KEYBINDINGS: Grabbing keybinding keycode 74 mask 0x8 on 0xc00008
libmutter-Message: 12:44:32.355: KEYBINDINGS: Grabbing keybinding keycode 107 mask 0x8 on 0xc00008
libmutter-Message: 12:44:32.356: KEYBINDINGS: Grabbing keybinding keycode 218 mask 0x8 on 0xc00008
libmutter-Message: 12:44:32.356: KEYBINDINGS: Grabbing keybinding keycode 116 mask 0xd on 0xc00008
libmutter-Message: 12:44:32.356: KEYBINDINGS: Grabbing keybinding keycode 114 mask 0xd on 0xc00008
libmutter-Message: 12:44:32.356: WINDOW_STATE: Unqueuing move-resize for window '0xc00008'
libmutter-Message: 12:44:32.356: WINDOW_STATE: Queueing move-resize for window '0xc00008'
libmutter-Message: 12:44:32.358: WINDOW_STATE: Unqueuing move-resize for window '0xc00008'
libmutter-Message: 12:44:32.366: WINDOW_STATE: Showing window 0xc00008, iconic: 0 placed: 0
libmutter-Message: 12:44:32.366: WINDOW_STATE: Window 0xc00008 does not focus on map, and does place on top on map.
libmutter-Message: 12:44:32.414: WINDOW_STATE: Queueing move-resize for window '0xc00008'
libmutter-Message: 12:44:32.414: WINDOW_STATE: Unqueuing move-resize for window '0xc00008'
libmutter-Message: 12:44:36.300: KEYBINDINGS: Ungrabbing keybinding keycode 133 mask 0x0 on 0x21f
libmutter-Message: 12:44:36.300: KEYBINDINGS: Ungrabbing keybinding keycode 37 mask 0x0 on 0x21f
libmutter-Message: 12:44:36.300: KEYBINDINGS: Ungrabbing keybinding keycode 161 mask 0x0 on 0x21f
libmutter-Message: 12:44:36.300: KEYBINDINGS: Ungrabbing keybinding keycode 15 mask 0x44 on 0x21f
libmutter-Message: 12:44:36.301: KEYBINDINGS: Ungrabbing keybinding keycode 14 mask 0x44 on 0x21f
libmutter-Message: 12:44:36.301: KEYBINDINGS: Ungrabbing keybinding keycode 49 mask 0x40 on 0x21f
libmutter-Message: 12:44:36.301: KEYBINDINGS: Ungrabbing keybinding keycode 14 mask 0x40 on 0x21f
libmutter-Message: 12:44:36.301: KEYBINDINGS: Ungrabbing keybinding keycode 110 mask 0x40 on 0x21f
libmutter-Message: 12:44:36.301: KEYBINDINGS: Ungrabbing keybinding keycode 23 mask 0x8 on 0x21f
libmutter-Message: 12:44:36.301: KEYBINDINGS: Ungrabbing keybinding keycode 49 mask 0x9 on 0x21f
libmutter-Message: 12:44:36.301: KEYBINDINGS: Ungrabbing keybinding keycode 15 mask 0x40 on 0x21f
libmutter-Message: 12:44:36.301: KEYBINDINGS: Ungrabbing keybinding keycode 13 mask 0x40 on 0x21f
libmutter-Message: 12:44:36.302: KEYBINDINGS: Ungrabbing keybinding keycode 10 mask 0x40 on 0x21f
libmutter-Message: 12:44:36.302: KEYBINDINGS: Ungrabbing keybinding keycode 55 mask 0x40 on 0x21f
libmutter-Message: 12:44:36.302: KEYBINDINGS: Ungrabbing keybinding keycode 49 mask 0x8 on 0x21f
libmutter-Message: 12:44:36.302: KEYBINDINGS: Ungrabbing keybinding keycode 107 mask 0x1 on 0x21f
libmutter-Message: 12:44:36.302: KEYBINDINGS: Ungrabbing keybinding keycode 218 mask 0x1 on 0x21f
libmutter-Message: 12:44:36.302: KEYBINDINGS: Ungrabbing keybinding keycode 115 mask 0x40 on 0x21f
libmutter-Message: 12:44:36.302: KEYBINDINGS: Ungrabbing keybinding keycode 68 mask 0x8 on 0x21f
libmutter-Message: 12:44:36.302: KEYBINDINGS: Ungrabbing keybinding keycode 111 mask 0x48 on 0x21f
libmutter-Message: 12:44:36.302: KEYBINDINGS: Ungrabbing keybinding keycode 18 mask 0x44 on 0x21f
libmutter-Message: 12:44:36.303: KEYBINDINGS: Ungrabbing keybinding keycode 114 mask 0xc on 0x21f
libmutter-Message: 12:44:36.303: KEYBINDINGS: Ungrabbing keybinding keycode 13 mask 0x44 on 0x21f
libmutter-Message: 12:44:36.303: KEYBINDINGS: Ungrabbing keybinding keycode 10 mask 0x44 on 0x21f
libmutter-Message: 12:44:36.303: KEYBINDINGS: Ungrabbing keybinding keycode 38 mask 0x40 on 0x21f
libmutter-Message: 12:44:36.303: KEYBINDINGS: Ungrabbing keybinding keycode 27 mask 0xd on 0x21f
libmutter-Message: 12:44:36.303: KEYBINDINGS: Ungrabbing keybinding keycode 111 mask 0xc on 0x21f
libmutter-Message: 12:44:36.303: KEYBINDINGS: Ungrabbing keybinding keycode 49 mask 0x41 on 0x21f
libmutter-Message: 12:44:36.303: KEYBINDINGS: Ungrabbing keybinding keycode 9 mask 0xc on 0x21f
libmutter-Message: 12:44:36.304: KEYBINDINGS: Ungrabbing keybinding keycode 23 mask 0xd on 0x21f
libmutter-Message: 12:44:36.304: KEYBINDINGS: Ungrabbing keybinding keycode 16 mask 0x40 on 0x21f
libmutter-Message: 12:44:36.304: KEYBINDINGS: Ungrabbing keybinding keycode 107 mask 0x0 on 0x21f
libmutter-Message: 12:44:36.304: KEYBINDINGS: Ungrabbing keybinding keycode 218 mask 0x0 on 0x21f
libmutter-Message: 12:44:36.304: KEYBINDINGS: Ungrabbing keybinding keycode 23 mask 0x40 on 0x21f
libmutter-Message: 12:44:36.304: KEYBINDINGS: Ungrabbing keybinding keycode 114 mask 0x48 on 0x21f
libmutter-Message: 12:44:36.304: KEYBINDINGS: Ungrabbing keybinding keycode 17 mask 0x40 on 0x21f
libmutter-Message: 12:44:36.304: KEYBINDINGS: Ungrabbing keybinding keycode 112 mask 0x40 on 0x21f
libmutter-Message: 12:44:36.304: KEYBINDINGS: Ungrabbing keybinding keycode 9 mask 0x41 on 0x21f
libmutter-Message: 12:44:36.304: KEYBINDINGS: Ungrabbing keybinding keycode 40 mask 0x40 on 0x21f
libmutter-Message: 12:44:36.305: KEYBINDINGS: Ungrabbing keybinding keycode 113 mask 0x48 on 0x21f
libmutter-Message: 12:44:36.305: KEYBINDINGS: Ungrabbing keybinding keycode 72 mask 0x9 on 0x21f
libmutter-Message: 12:44:36.305: KEYBINDINGS: Ungrabbing keybinding keycode 11 mask 0x44 on 0x21f
libmutter-Message: 12:44:36.305: KEYBINDINGS: Ungrabbing keybinding keycode 12 mask 0x40 on 0x21f
libmutter-Message: 12:44:36.305: KEYBINDINGS: Ungrabbing keybinding keycode 9 mask 0xd on 0x21f
libmutter-Message: 12:44:36.305: KEYBINDINGS: Ungrabbing keybinding keycode 113 mask 0xc on 0x21f
libmutter-Message: 12:44:36.305: KEYBINDINGS: Ungrabbing keybinding keycode 9 mask 0x9 on 0x21f
libmutter-Message: 12:44:36.305: KEYBINDINGS: Ungrabbing keybinding keycode 12 mask 0x44 on 0x21f
libmutter-Message: 12:44:36.305: KEYBINDINGS: Ungrabbing keybinding keycode 117 mask 0x40 on 0x21f
libmutter-Message: 12:44:36.305: KEYBINDINGS: Ungrabbing keybinding keycode 235 mask 0x0 on 0x21f
libmutter-Message: 12:44:36.305: KEYBINDINGS: Ungrabbing keybinding keycode 23 mask 0x41 on 0x21f
libmutter-Message: 12:44:36.305: KEYBINDINGS: Ungrabbing keybinding keycode 18 mask 0x40 on 0x21f
libmutter-Message: 12:44:36.305: KEYBINDINGS: Ungrabbing keybinding keycode 65 mask 0x40 on 0x21f
libmutter-Message: 12:44:36.305: KEYBINDINGS: Ungrabbing keybinding keycode 57 mask 0x40 on 0x21f
libmutter-Message: 12:44:36.306: KEYBINDINGS: Ungrabbing keybinding keycode 116 mask 0xc on 0x21f
libmutter-Message: 12:44:36.306: KEYBINDINGS: Ungrabbing keybinding keycode 16 mask 0x44 on 0x21f
libmutter-Message: 12:44:36.306: KEYBINDINGS: Ungrabbing keybinding keycode 23 mask 0x9 on 0x21f
libmutter-Message: 12:44:36.306: KEYBINDINGS: Ungrabbing keybinding keycode 116 mask 0x48 on 0x21f
libmutter-Message: 12:44:36.306: KEYBINDINGS: Ungrabbing keybinding keycode 72 mask 0x8 on 0x21f
libmutter-Message: 12:44:36.306: KEYBINDINGS: Ungrabbing keybinding keycode 9 mask 0x8 on 0x21f
libmutter-Message: 12:44:36.306: KEYBINDINGS: Ungrabbing keybinding keycode 9 mask 0x40 on 0x21f
libmutter-Message: 12:44:36.306: KEYBINDINGS: Ungrabbing keybinding keycode 39 mask 0x40 on 0x21f
libmutter-Message: 12:44:36.306: KEYBINDINGS: Ungrabbing keybinding keycode 65 mask 0x41 on 0x21f
libmutter-Message: 12:44:36.306: KEYBINDINGS: Ungrabbing keybinding keycode 17 mask 0x44 on 0x21f
libmutter-Message: 12:44:36.306: KEYBINDINGS: Ungrabbing keybinding keycode 23 mask 0xc on 0x21f
libmutter-Message: 12:44:36.306: KEYBINDINGS: Ungrabbing keybinding keycode 33 mask 0x40 on 0x21f
libmutter-Message: 12:44:36.306: KEYBINDINGS: Ungrabbing keybinding keycode 11 mask 0x40 on 0x21f
libmutter-Message: 12:44:36.306: KEYBINDINGS: Ungrabbing keybinding keycode 58 mask 0x40 on 0x21f
libmutter-Message: 12:44:36.306: KEYBINDINGS: Ungrabbing keybinding keycode 65 mask 0x8 on 0x400003
libmutter-Message: 12:44:36.306: KEYBINDINGS: Ungrabbing keybinding keycode 115 mask 0x41 on 0x400003
libmutter-Message: 12:44:36.306: KEYBINDINGS: Ungrabbing keybinding keycode 111 mask 0xd on 0x400003
libmutter-Message: 12:44:36.306: KEYBINDINGS: Ungrabbing keybinding keycode 117 mask 0x41 on 0x400003
libmutter-Message: 12:44:36.306: KEYBINDINGS: Ungrabbing keybinding keycode 73 mask 0x8 on 0x400003
libmutter-Message: 12:44:36.307: KEYBINDINGS: Ungrabbing keybinding keycode 114 mask 0x41 on 0x400003
libmutter-Message: 12:44:36.307: KEYBINDINGS: Ungrabbing keybinding keycode 76 mask 0x8 on 0x400003
libmutter-Message: 12:44:36.307: KEYBINDINGS: Ungrabbing keybinding keycode 114 mask 0x40 on 0x400003
libmutter-Message: 12:44:36.307: KEYBINDINGS: Ungrabbing keybinding keycode 111 mask 0x41 on 0x400003
libmutter-Message: 12:44:36.307: KEYBINDINGS: Ungrabbing keybinding keycode 43 mask 0x40 on 0x400003
libmutter-Message: 12:44:36.307: KEYBINDINGS: Ungrabbing keybinding keycode 113 mask 0xd on 0x400003
libmutter-Message: 12:44:36.307: KEYBINDINGS: Ungrabbing keybinding keycode 71 mask 0x8 on 0x400003
libmutter-Message: 12:44:36.307: KEYBINDINGS: Ungrabbing keybinding keycode 114 mask 0x49 on 0x400003
libmutter-Message: 12:44:36.307: KEYBINDINGS: Ungrabbing keybinding keycode 110 mask 0x41 on 0x400003
libmutter-Message: 12:44:36.307: KEYBINDINGS: Ungrabbing keybinding keycode 111 mask 0x40 on 0x400003
libmutter-Message: 12:44:36.307: KEYBINDINGS: Ungrabbing keybinding keycode 113 mask 0x49 on 0x400003
libmutter-Message: 12:44:36.307: KEYBINDINGS: Ungrabbing keybinding keycode 116 mask 0x40 on 0x400003
libmutter-Message: 12:44:36.307: KEYBINDINGS: Ungrabbing keybinding keycode 113 mask 0x41 on 0x400003
libmutter-Message: 12:44:36.307: KEYBINDINGS: Ungrabbing keybinding keycode 70 mask 0x8 on 0x400003
libmutter-Message: 12:44:36.307: KEYBINDINGS: Ungrabbing keybinding keycode 113 mask 0x40 on 0x400003
libmutter-Message: 12:44:36.307: KEYBINDINGS: Ungrabbing keybinding keycode 116 mask 0x41 on 0x400003
libmutter-Message: 12:44:36.307: KEYBINDINGS: Ungrabbing keybinding keycode 112 mask 0x41 on 0x400003
libmutter-Message: 12:44:36.307: KEYBINDINGS: Ungrabbing keybinding keycode 74 mask 0x8 on 0x400003
libmutter-Message: 12:44:36.307: KEYBINDINGS: Ungrabbing keybinding keycode 107 mask 0x8 on 0x400003
libmutter-Message: 12:44:36.307: KEYBINDINGS: Ungrabbing keybinding keycode 218 mask 0x8 on 0x400003
libmutter-Message: 12:44:36.308: KEYBINDINGS: Ungrabbing keybinding keycode 116 mask 0xd on 0x400003
libmutter-Message: 12:44:36.308: KEYBINDINGS: Ungrabbing keybinding keycode 114 mask 0xd on 0x400003
libmutter-Message: 12:44:36.308: KEYBINDINGS: Ungrabbing keybinding keycode 65 mask 0x8 on 0xc00008
libmutter-Message: 12:44:36.308: KEYBINDINGS: Ungrabbing keybinding keycode 115 mask 0x41 on 0xc00008
libmutter-Message: 12:44:36.308: KEYBINDINGS: Ungrabbing keybinding keycode 111 mask 0xd on 0xc00008
libmutter-Message: 12:44:36.308: KEYBINDINGS: Ungrabbing keybinding keycode 117 mask 0x41 on 0xc00008
libmutter-Message: 12:44:36.308: KEYBINDINGS: Ungrabbing keybinding keycode 73 mask 0x8 on 0xc00008
libmutter-Message: 12:44:36.308: KEYBINDINGS: Ungrabbing keybinding keycode 114 mask 0x41 on 0xc00008
libmutter-Message: 12:44:36.308: KEYBINDINGS: Ungrabbing keybinding keycode 76 mask 0x8 on 0xc00008
libmutter-Message: 12:44:36.308: KEYBINDINGS: Ungrabbing keybinding keycode 114 mask 0x40 on 0xc00008
libmutter-Message: 12:44:36.308: KEYBINDINGS: Ungrabbing keybinding keycode 111 mask 0x41 on 0xc00008
libmutter-Message: 12:44:36.308: KEYBINDINGS: Ungrabbing keybinding keycode 43 mask 0x40 on 0xc00008
libmutter-Message: 12:44:36.308: KEYBINDINGS: Ungrabbing keybinding keycode 113 mask 0xd on 0xc00008
libmutter-Message: 12:44:36.308: KEYBINDINGS: Ungrabbing keybinding keycode 71 mask 0x8 on 0xc00008
libmutter-Message: 12:44:36.308: KEYBINDINGS: Ungrabbing keybinding keycode 114 mask 0x49 on 0xc00008
libmutter-Message: 12:44:36.308: KEYBINDINGS: Ungrabbing keybinding keycode 110 mask 0x41 on 0xc00008
libmutter-Message: 12:44:36.308: KEYBINDINGS: Ungrabbing keybinding keycode 111 mask 0x40 on 0xc00008
libmutter-Message: 12:44:36.309: KEYBINDINGS: Ungrabbing keybinding keycode 113 mask 0x49 on 0xc00008
libmutter-Message: 12:44:36.309: KEYBINDINGS: Ungrabbing keybinding keycode 116 mask 0x40 on 0xc00008
libmutter-Message: 12:44:36.309: KEYBINDINGS: Ungrabbing keybinding keycode 113 mask 0x41 on 0xc00008
libmutter-Message: 12:44:36.309: KEYBINDINGS: Ungrabbing keybinding keycode 70 mask 0x8 on 0xc00008
libmutter-Message: 12:44:36.309: KEYBINDINGS: Ungrabbing keybinding keycode 113 mask 0x40 on 0xc00008
libmutter-Message: 12:44:36.309: KEYBINDINGS: Ungrabbing keybinding keycode 116 mask 0x41 on 0xc00008
libmutter-Message: 12:44:36.309: KEYBINDINGS: Ungrabbing keybinding keycode 112 mask 0x41 on 0xc00008
libmutter-Message: 12:44:36.309: KEYBINDINGS: Ungrabbing keybinding keycode 74 mask 0x8 on 0xc00008
libmutter-Message: 12:44:36.309: KEYBINDINGS: Ungrabbing keybinding keycode 107 mask 0x8 on 0xc00008
libmutter-Message: 12:44:36.309: KEYBINDINGS: Ungrabbing keybinding keycode 218 mask 0x8 on 0xc00008
libmutter-Message: 12:44:36.309: KEYBINDINGS: Ungrabbing keybinding keycode 116 mask 0xd on 0xc00008
libmutter-Message: 12:44:36.309: KEYBINDINGS: Ungrabbing keybinding keycode 114 mask 0xd on 0xc00008
libmutter-Message: 12:44:36.309: KEYBINDINGS: Ignoring modmask 0x12 scroll lock 0x0 hyper 0x40 super 0x40 meta 0x8
libmutter-Message: 12:44:36.310: KEYBINDINGS: Grabbing keybinding keycode 133 mask 0x0 on 0x21f
libmutter-Message: 12:44:36.310: KEYBINDINGS: Ungrabbing keybinding keycode 37 mask 0x0 on 0x21f
libmutter-Message: 12:44:36.310: KEYBINDINGS: Grabbing keybinding keycode 161 mask 0x0 on 0x21f
libmutter-Message: 12:44:36.310: KEYBINDINGS: Grabbing keybinding keycode 15 mask 0x44 on 0x21f
libmutter-Message: 12:44:36.310: KEYBINDINGS: Grabbing keybinding keycode 14 mask 0x44 on 0x21f
libmutter-Message: 12:44:36.310: KEYBINDINGS: Grabbing keybinding keycode 49 mask 0x40 on 0x21f
libmutter-Message: 12:44:36.310: KEYBINDINGS: Grabbing keybinding keycode 14 mask 0x40 on 0x21f
libmutter-Message: 12:44:36.310: KEYBINDINGS: Grabbing keybinding keycode 110 mask 0x40 on 0x21f
libmutter-Message: 12:44:36.310: KEYBINDINGS: Grabbing keybinding keycode 23 mask 0x8 on 0x21f
libmutter-Message: 12:44:36.311: KEYBINDINGS: Grabbing keybinding keycode 49 mask 0x9 on 0x21f
libmutter-Message: 12:44:36.311: KEYBINDINGS: Grabbing keybinding keycode 15 mask 0x40 on 0x21f
libmutter-Message: 12:44:36.311: KEYBINDINGS: Grabbing keybinding keycode 13 mask 0x40 on 0x21f
libmutter-Message: 12:44:36.311: KEYBINDINGS: Grabbing keybinding keycode 10 mask 0x40 on 0x21f
libmutter-Message: 12:44:36.311: KEYBINDINGS: Grabbing keybinding keycode 55 mask 0x40 on 0x21f
libmutter-Message: 12:44:36.311: KEYBINDINGS: Grabbing keybinding keycode 49 mask 0x8 on 0x21f
libmutter-Message: 12:44:36.311: KEYBINDINGS: Grabbing keybinding keycode 107 mask 0x1 on 0x21f
libmutter-Message: 12:44:36.311: KEYBINDINGS: Grabbing keybinding keycode 218 mask 0x1 on 0x21f
libmutter-Message: 12:44:36.311: KEYBINDINGS: Grabbing keybinding keycode 115 mask 0x40 on 0x21f
libmutter-Message: 12:44:36.311: KEYBINDINGS: Grabbing keybinding keycode 68 mask 0x8 on 0x21f
libmutter-Message: 12:44:36.312: KEYBINDINGS: Grabbing keybinding keycode 111 mask 0x48 on 0x21f
libmutter-Message: 12:44:36.312: KEYBINDINGS: Grabbing keybinding keycode 18 mask 0x44 on 0x21f
libmutter-Message: 12:44:36.312: KEYBINDINGS: Grabbing keybinding keycode 114 mask 0xc on 0x21f
libmutter-Message: 12:44:36.312: KEYBINDINGS: Grabbing keybinding keycode 13 mask 0x44 on 0x21f
libmutter-Message: 12:44:36.312: KEYBINDINGS: Grabbing keybinding keycode 10 mask 0x44 on 0x21f
libmutter-Message: 12:44:36.312: KEYBINDINGS: Grabbing keybinding keycode 38 mask 0x40 on 0x21f
libmutter-Message: 12:44:36.312: KEYBINDINGS: Grabbing keybinding keycode 27 mask 0xd on 0x21f
libmutter-Message: 12:44:36.313: KEYBINDINGS: Grabbing keybinding keycode 111 mask 0xc on 0x21f
libmutter-Message: 12:44:36.313: KEYBINDINGS: Grabbing keybinding keycode 49 mask 0x41 on 0x21f
libmutter-Message: 12:44:36.313: KEYBINDINGS: Grabbing keybinding keycode 9 mask 0xc on 0x21f
libmutter-Message: 12:44:36.313: KEYBINDINGS: Grabbing keybinding keycode 23 mask 0xd on 0x21f
libmutter-Message: 12:44:36.313: KEYBINDINGS: Grabbing keybinding keycode 16 mask 0x40 on 0x21f
libmutter-Message: 12:44:36.313: KEYBINDINGS: Grabbing keybinding keycode 107 mask 0x0 on 0x21f
libmutter-Message: 12:44:36.313: KEYBINDINGS: Grabbing keybinding keycode 218 mask 0x0 on 0x21f
libmutter-Message: 12:44:36.313: KEYBINDINGS: Grabbing keybinding keycode 23 mask 0x40 on 0x21f
libmutter-Message: 12:44:36.314: KEYBINDINGS: Grabbing keybinding keycode 114 mask 0x48 on 0x21f
libmutter-Message: 12:44:36.314: KEYBINDINGS: Grabbing keybinding keycode 17 mask 0x40 on 0x21f
libmutter-Message: 12:44:36.314: KEYBINDINGS: Grabbing keybinding keycode 112 mask 0x40 on 0x21f
libmutter-Message: 12:44:36.314: KEYBINDINGS: Grabbing keybinding keycode 9 mask 0x41 on 0x21f
libmutter-Message: 12:44:36.314: KEYBINDINGS: Grabbing keybinding keycode 40 mask 0x40 on 0x21f
libmutter-Message: 12:44:36.314: KEYBINDINGS: Grabbing keybinding keycode 113 mask 0x48 on 0x21f
libmutter-Message: 12:44:36.314: KEYBINDINGS: Grabbing keybinding keycode 72 mask 0x9 on 0x21f
libmutter-Message: 12:44:36.314: KEYBINDINGS: Grabbing keybinding keycode 11 mask 0x44 on 0x21f
libmutter-Message: 12:44:36.315: KEYBINDINGS: Grabbing keybinding keycode 12 mask 0x40 on 0x21f
libmutter-Message: 12:44:36.315: KEYBINDINGS: Grabbing keybinding keycode 9 mask 0xd on 0x21f
libmutter-Message: 12:44:36.315: KEYBINDINGS: Grabbing keybinding keycode 113 mask 0xc on 0x21f
libmutter-Message: 12:44:36.315: KEYBINDINGS: Grabbing keybinding keycode 9 mask 0x9 on 0x21f
libmutter-Message: 12:44:36.315: KEYBINDINGS: Grabbing keybinding keycode 12 mask 0x44 on 0x21f
libmutter-Message: 12:44:36.315: KEYBINDINGS: Grabbing keybinding keycode 117 mask 0x40 on 0x21f
libmutter-Message: 12:44:36.315: KEYBINDINGS: Grabbing keybinding keycode 235 mask 0x0 on 0x21f
libmutter-Message: 12:44:36.316: KEYBINDINGS: Grabbing keybinding keycode 23 mask 0x41 on 0x21f
libmutter-Message: 12:44:36.316: KEYBINDINGS: Grabbing keybinding keycode 18 mask 0x40 on 0x21f
libmutter-Message: 12:44:36.316: KEYBINDINGS: Grabbing keybinding keycode 65 mask 0x40 on 0x21f
libmutter-Message: 12:44:36.316: KEYBINDINGS: Grabbing keybinding keycode 57 mask 0x40 on 0x21f
libmutter-Message: 12:44:36.316: KEYBINDINGS: Grabbing keybinding keycode 116 mask 0xc on 0x21f
libmutter-Message: 12:44:36.317: KEYBINDINGS: Grabbing keybinding keycode 16 mask 0x44 on 0x21f
libmutter-Message: 12:44:36.317: KEYBINDINGS: Grabbing keybinding keycode 23 mask 0x9 on 0x21f
libmutter-Message: 12:44:36.317: KEYBINDINGS: Grabbing keybinding keycode 116 mask 0x48 on 0x21f
libmutter-Message: 12:44:36.317: KEYBINDINGS: Grabbing keybinding keycode 72 mask 0x8 on 0x21f
libmutter-Message: 12:44:36.317: KEYBINDINGS: Grabbing keybinding keycode 9 mask 0x8 on 0x21f
libmutter-Message: 12:44:36.318: KEYBINDINGS: Grabbing keybinding keycode 9 mask 0x40 on 0x21f
libmutter-Message: 12:44:36.318: KEYBINDINGS: Grabbing keybinding keycode 39 mask 0x40 on 0x21f
libmutter-Message: 12:44:36.318: KEYBINDINGS: Grabbing keybinding keycode 65 mask 0x41 on 0x21f
libmutter-Message: 12:44:36.319: KEYBINDINGS: Grabbing keybinding keycode 17 mask 0x44 on 0x21f
libmutter-Message: 12:44:36.319: KEYBINDINGS: Grabbing keybinding keycode 23 mask 0xc on 0x21f
libmutter-Message: 12:44:36.319: KEYBINDINGS: Grabbing keybinding keycode 33 mask 0x40 on 0x21f
libmutter-Message: 12:44:36.319: KEYBINDINGS: Grabbing keybinding keycode 11 mask 0x40 on 0x21f
libmutter-Message: 12:44:36.319: KEYBINDINGS: Grabbing keybinding keycode 58 mask 0x40 on 0x21f
libmutter-Message: 12:44:36.319: KEYBINDINGS: Grabbing keybinding keycode 65 mask 0x8 on 0x400003
libmutter-Message: 12:44:36.320: KEYBINDINGS: Grabbing keybinding keycode 115 mask 0x41 on 0x400003
libmutter-Message: 12:44:36.320: KEYBINDINGS: Grabbing keybinding keycode 111 mask 0xd on 0x400003
libmutter-Message: 12:44:36.320: KEYBINDINGS: Grabbing keybinding keycode 117 mask 0x41 on 0x400003
libmutter-Message: 12:44:36.320: KEYBINDINGS: Grabbing keybinding keycode 73 mask 0x8 on 0x400003
libmutter-Message: 12:44:36.320: KEYBINDINGS: Grabbing keybinding keycode 114 mask 0x41 on 0x400003
libmutter-Message: 12:44:36.320: KEYBINDINGS: Grabbing keybinding keycode 76 mask 0x8 on 0x400003
libmutter-Message: 12:44:36.320: KEYBINDINGS: Grabbing keybinding keycode 114 mask 0x40 on 0x400003
libmutter-Message: 12:44:36.320: KEYBINDINGS: Grabbing keybinding keycode 111 mask 0x41 on 0x400003
libmutter-Message: 12:44:36.320: KEYBINDINGS: Grabbing keybinding keycode 43 mask 0x40 on 0x400003
libmutter-Message: 12:44:36.320: KEYBINDINGS: Grabbing keybinding keycode 113 mask 0xd on 0x400003
libmutter-Message: 12:44:36.320: KEYBINDINGS: Grabbing keybinding keycode 71 mask 0x8 on 0x400003
libmutter-Message: 12:44:36.321: KEYBINDINGS: Grabbing keybinding keycode 114 mask 0x49 on 0x400003
libmutter-Message: 12:44:36.321: KEYBINDINGS: Grabbing keybinding keycode 110 mask 0x41 on 0x400003
libmutter-Message: 12:44:36.321: KEYBINDINGS: Grabbing keybinding keycode 111 mask 0x40 on 0x400003
libmutter-Message: 12:44:36.321: KEYBINDINGS: Grabbing keybinding keycode 113 mask 0x49 on 0x400003
libmutter-Message: 12:44:36.321: KEYBINDINGS: Grabbing keybinding keycode 116 mask 0x40 on 0x400003
libmutter-Message: 12:44:36.321: KEYBINDINGS: Grabbing keybinding keycode 113 mask 0x41 on 0x400003
libmutter-Message: 12:44:36.321: KEYBINDINGS: Grabbing keybinding keycode 70 mask 0x8 on 0x400003
libmutter-Message: 12:44:36.321: KEYBINDINGS: Grabbing keybinding keycode 113 mask 0x40 on 0x400003
libmutter-Message: 12:44:36.321: KEYBINDINGS: Grabbing keybinding keycode 116 mask 0x41 on 0x400003
libmutter-Message: 12:44:36.321: KEYBINDINGS: Grabbing keybinding keycode 112 mask 0x41 on 0x400003
libmutter-Message: 12:44:36.322: KEYBINDINGS: Grabbing keybinding keycode 74 mask 0x8 on 0x400003
libmutter-Message: 12:44:36.322: KEYBINDINGS: Grabbing keybinding keycode 107 mask 0x8 on 0x400003
libmutter-Message: 12:44:36.322: KEYBINDINGS: Grabbing keybinding keycode 218 mask 0x8 on 0x400003
libmutter-Message: 12:44:36.322: KEYBINDINGS: Grabbing keybinding keycode 116 mask 0xd on 0x400003
libmutter-Message: 12:44:36.322: KEYBINDINGS: Grabbing keybinding keycode 114 mask 0xd on 0x400003
libmutter-Message: 12:44:36.322: KEYBINDINGS: Grabbing keybinding keycode 65 mask 0x8 on 0xc00008
libmutter-Message: 12:44:36.322: KEYBINDINGS: Grabbing keybinding keycode 115 mask 0x41 on 0xc00008
libmutter-Message: 12:44:36.322: KEYBINDINGS: Grabbing keybinding keycode 111 mask 0xd on 0xc00008
libmutter-Message: 12:44:36.322: KEYBINDINGS: Grabbing keybinding keycode 117 mask 0x41 on 0xc00008
libmutter-Message: 12:44:36.323: KEYBINDINGS: Grabbing keybinding keycode 73 mask 0x8 on 0xc00008
libmutter-Message: 12:44:36.323: KEYBINDINGS: Grabbing keybinding keycode 114 mask 0x41 on 0xc00008
libmutter-Message: 12:44:36.323: KEYBINDINGS: Grabbing keybinding keycode 76 mask 0x8 on 0xc00008
libmutter-Message: 12:44:36.323: KEYBINDINGS: Grabbing keybinding keycode 114 mask 0x40 on 0xc00008
libmutter-Message: 12:44:36.323: KEYBINDINGS: Grabbing keybinding keycode 111 mask 0x41 on 0xc00008
libmutter-Message: 12:44:36.323: KEYBINDINGS: Grabbing keybinding keycode 43 mask 0x40 on 0xc00008
libmutter-Message: 12:44:36.323: KEYBINDINGS: Grabbing keybinding keycode 113 mask 0xd on 0xc00008
libmutter-Message: 12:44:36.323: KEYBINDINGS: Grabbing keybinding keycode 71 mask 0x8 on 0xc00008
libmutter-Message: 12:44:36.323: KEYBINDINGS: Grabbing keybinding keycode 114 mask 0x49 on 0xc00008
libmutter-Message: 12:44:36.324: KEYBINDINGS: Grabbing keybinding keycode 110 mask 0x41 on 0xc00008
libmutter-Message: 12:44:36.324: KEYBINDINGS: Grabbing keybinding keycode 111 mask 0x40 on 0xc00008
libmutter-Message: 12:44:36.324: KEYBINDINGS: Grabbing keybinding keycode 113 mask 0x49 on 0xc00008
libmutter-Message: 12:44:36.324: KEYBINDINGS: Grabbing keybinding keycode 116 mask 0x40 on 0xc00008
libmutter-Message: 12:44:36.324: KEYBINDINGS: Grabbing keybinding keycode 113 mask 0x41 on 0xc00008
libmutter-Message: 12:44:36.324: KEYBINDINGS: Grabbing keybinding keycode 70 mask 0x8 on 0xc00008
libmutter-Message: 12:44:36.324: KEYBINDINGS: Grabbing keybinding keycode 113 mask 0x40 on 0xc00008
libmutter-Message: 12:44:36.324: KEYBINDINGS: Grabbing keybinding keycode 116 mask 0x41 on 0xc00008
libmutter-Message: 12:44:36.324: KEYBINDINGS: Grabbing keybinding keycode 112 mask 0x41 on 0xc00008
libmutter-Message: 12:44:36.324: KEYBINDINGS: Grabbing keybinding keycode 74 mask 0x8 on 0xc00008
libmutter-Message: 12:44:36.325: KEYBINDINGS: Grabbing keybinding keycode 107 mask 0x8 on 0xc00008
libmutter-Message: 12:44:36.325: KEYBINDINGS: Grabbing keybinding keycode 218 mask 0x8 on 0xc00008
libmutter-Message: 12:44:36.325: KEYBINDINGS: Grabbing keybinding keycode 116 mask 0xd on 0xc00008
libmutter-Message: 12:44:36.325: KEYBINDINGS: Grabbing keybinding keycode 114 mask 0xd on 0xc00008
libmutter-Message: 12:44:36.325: KEYBINDINGS: No handler found for this event in this binding table
libmutter-Message: 12:44:36.356: FOCUS: Focus in event received on 0x400003 0x400003 (client window) mode NotifyUngrab detail NotifyInferior serial 505
libmutter-Message: 12:44:36.356: FOCUS: Ignoring focus event generated by a grab or other weirdness
libmutter-Message: 12:44:37.231: FOCUS: Focus out event received on 0x400003 0x400003 (client window) mode NotifyGrab detail NotifyVirtual serial 520
libmutter-Message: 12:44:37.231: FOCUS: Ignoring focus event generated by a grab or other weirdness
libmutter-Message: 12:44:37.231: FOCUS: Focus in event received on  0x21f (root window) mode NotifyGrab detail NotifyVirtual serial 520
libmutter-Message: 12:44:37.231: FOCUS: Ignoring focus event generated by a grab or other weirdness
libmutter-Message: 12:44:37.231: KEYBINDINGS: Running handler for show-desktop
libmutter-Message: 12:44:37.231: WINDOW_STATE: Queueing calc-showing for window '0x400003'
libmutter-Message: 12:44:37.231: WINDOW_STATE: Queueing calc-showing for window '0xc00008'
libmutter-Message: 12:44:37.231: FOCUS: Setting input focus to window 0xc00008, input: 1 focusable: 1
libmutter-Message: 12:44:37.231: WINDOW_STATE: Unqueuing calc-showing for window '0xc00008'
libmutter-Message: 12:44:37.231: WINDOW_STATE: Running calc-showing for window '0xc00008'
libmutter-Message: 12:44:37.231: WINDOW_STATE: Showing window 0xc00008, iconic: 0 placed: 1
libmutter-Message: 12:44:37.231: WINDOW_STATE: Window 0xc00008 does not focus on map, and does place on top on map.
libmutter-Message: 12:44:37.231: FOCUS: Setting input focus on 0xc00008 since input = true
libmutter-Message: 12:44:37.231: FOCUS: Setting X11 input focus for window 0xc00008 to 0xc00008
libmutter-Message: 12:44:37.231: FOCUS: Updating X11 focus window from 0x400003 to 0xc00008
libmutter-Message: 12:44:37.231: FOCUS: 0x400003 is now the previous focus window due to being focused out or unmapped
libmutter-Message: 12:44:37.232: FOCUS: * Focus --> 0xc00008
libmutter-Message: 12:44:37.233: FOCUS: Sending WM_TAKE_FOCUS to 0xc00008 since take_focus = true
libmutter-Message: 12:44:37.233: FOCUS: WM_TAKE_FOCUS(0xc00008, 12305)
libmutter-Message: 12:44:37.233: FOCUS: Focus out event received on 0x400003 0x400003 (client window) mode NotifyWhileGrabbed detail NotifyNonlinear serial 526
libmutter-Message: 12:44:37.233: FOCUS: Focus in event received on 0xc00008 0xc00008 (client window) mode NotifyWhileGrabbed detail NotifyNonlinear serial 526
libmutter-Message: 12:44:37.233: WINDOW_STATE: Hiding window 0x400003
libmutter-Message: 12:44:37.235: FOCUS: Focus out event received on 0x400003 0x400003 (client window) mode NotifyUngrab detail NotifyInferior serial 535
libmutter-Message: 12:44:37.235: FOCUS: Ignoring focus event generated by a grab or other weirdness
libmutter-Message: 12:44:37.235: FOCUS: Focus out event received on  0x21f (root window) mode NotifyUngrab detail NotifyInferior serial 535
libmutter-Message: 12:44:37.235: FOCUS: Ignoring focus event generated by a grab or other weirdness
libmutter-Message: 12:44:37.235: FOCUS: Focus in event received on 0xc00008 0xc00008 (client window) mode NotifyUngrab detail NotifyInferior serial 535
libmutter-Message: 12:44:37.235: FOCUS: Ignoring focus event generated by a grab or other weirdness
libmutter-Message: 12:44:37.235: FOCUS: Focus out event received on 0xc00008 0xc00008 (client window) mode NotifyNormal detail NotifyAncestor serial 535
libmutter-Message: 12:44:37.235: FOCUS: Ignoring focus out with NotifyInferior
libmutter-Message: 12:44:38.831: FOCUS: Focus out event received on 0xc00008 0xc00008 (client window) mode NotifyGrab detail NotifyVirtual serial 552
libmutter-Message: 12:44:38.831: FOCUS: Ignoring focus event generated by a grab or other weirdness
libmutter-Message: 12:44:38.831: FOCUS: Focus in event received on  0x21f (root window) mode NotifyGrab detail NotifyVirtual serial 552
libmutter-Message: 12:44:38.831: FOCUS: Ignoring focus event generated by a grab or other weirdness
libmutter-Message: 12:44:38.831: KEYBINDINGS: Running handler for show-desktop
libmutter-Message: 12:44:38.831: WINDOW_STATE: Queueing calc-showing for window '0x400003'
libmutter-Message: 12:44:38.831: WINDOW_STATE: Queueing calc-showing for window '0xc00008'
libmutter-Message: 12:44:38.831: FOCUS: Focusing MRU window
libmutter-Message: 12:44:38.831: FOCUS: Focusing workspace MRU window 0xc00008
libmutter-Message: 12:44:38.831: FOCUS: Setting input focus to window 0xc00008, input: 1 focusable: 1
libmutter-Message: 12:44:38.831: WINDOW_STATE: Unqueuing calc-showing for window '0xc00008'
libmutter-Message: 12:44:38.831: WINDOW_STATE: Running calc-showing for window '0xc00008'
libmutter-Message: 12:44:38.831: WINDOW_STATE: Showing window 0xc00008, iconic: 0 placed: 1
libmutter-Message: 12:44:38.831: WINDOW_STATE: Window 0xc00008 does not focus on map, and does place on top on map.
libmutter-Message: 12:44:38.831: FOCUS: Setting input focus on 0xc00008 since input = true
libmutter-Message: 12:44:38.831: FOCUS: Setting X11 input focus for window 0xc00008 to 0xc00008
libmutter-Message: 12:44:38.831: FOCUS: Sending WM_TAKE_FOCUS to 0xc00008 since take_focus = true
libmutter-Message: 12:44:38.831: FOCUS: WM_TAKE_FOCUS(0xc00008, 13904)
libmutter-Message: 12:44:38.831: WINDOW_STATE: Showing window 0x400003, iconic: 1 placed: 1
libmutter-Message: 12:44:38.831: WINDOW_STATE: Window 0x400003 does not focus on map, and does not place on top on map.
libmutter-Message: 12:44:38.833: FOCUS: Focus in event received on 0xc00008 0xc00008 (client window) mode NotifyWhileGrabbed detail NotifyNonlinear serial 559
libmutter-Message: 12:44:38.833: FOCUS: Focus out event received on 0xc00008 0xc00008 (client window) mode NotifyUngrab detail NotifyInferior serial 562
libmutter-Message: 12:44:38.833: FOCUS: Ignoring focus event generated by a grab or other weirdness
libmutter-Message: 12:44:38.833: FOCUS: Focus out event received on  0x21f (root window) mode NotifyUngrab detail NotifyInferior serial 562
libmutter-Message: 12:44:38.833: FOCUS: Ignoring focus event generated by a grab or other weirdness
libmutter-Message: 12:44:38.833: FOCUS: Focus in event received on 0xc00008 0xc00008 (client window) mode NotifyUngrab detail NotifyInferior serial 562
libmutter-Message: 12:44:38.833: FOCUS: Ignoring focus event generated by a grab or other weirdness
libmutter-Message: 12:44:38.833: FOCUS: Focus out event received on 0xc00008 0xc00008 (client window) mode NotifyNormal detail NotifyAncestor serial 562
libmutter-Message: 12:44:38.833: FOCUS: Ignoring focus out with NotifyInferior
libmutter-Message: 12:44:39.436: FOCUS: Focusing 0x400003 due to button 1 press (display.c)
libmutter-Message: 12:44:39.436: FOCUS: Setting input focus to window 0x400003, input: 1 focusable: 1
libmutter-Message: 12:44:39.436: FOCUS: Setting input focus on 0x400003 since input = true
libmutter-Message: 12:44:39.436: FOCUS: Setting X11 input focus for window 0x400003 to 0x400003
libmutter-Message: 12:44:39.436: FOCUS: Updating X11 focus window from 0xc00008 to 0x400003
libmutter-Message: 12:44:39.436: FOCUS: 0xc00008 is now the previous focus window due to being focused out or unmapped
libmutter-Message: 12:44:39.436: FOCUS: * Focus --> 0x400003
libmutter-Message: 12:44:39.437: FOCUS: Sending WM_TAKE_FOCUS to 0x400003 since take_focus = true
libmutter-Message: 12:44:39.437: FOCUS: WM_TAKE_FOCUS(0x400003, 14509)
libmutter-Message: 12:44:39.437: FOCUS: Focus out event received on 0xc00008 0xc00008 (client window) mode NotifyNormal detail NotifyAncestor serial 579
libmutter-Message: 12:44:39.437: FOCUS: Focus in event received on 0x400003 0x400003 (client window) mode NotifyNormal detail NotifyAncestor serial 579
libmutter-Message: 12:44:39.439: FOCUS: Focus out event received on 0x400003 0x400003 (client window) mode NotifyNormal detail NotifyAncestor serial 590
libmutter-Message: 12:44:39.439: FOCUS: Ignoring focus out with NotifyInferior
libmutter-Message: 12:44:40.184: WINDOW_STATE: Window 0x400003 withdrawn
libmutter-Message: 12:44:40.185: FOCUS: Focusing default window since we're unmanaging 0x400003
libmutter-Message: 12:44:40.185: FOCUS: Focusing MRU window excluding 0x400003
libmutter-Message: 12:44:40.185: FOCUS: Focusing workspace MRU window 0xc00008
libmutter-Message: 12:44:40.185: FOCUS: Setting input focus to window 0xc00008, input: 1 focusable: 1
libmutter-Message: 12:44:40.185: FOCUS: Setting input focus on 0xc00008 since input = true
libmutter-Message: 12:44:40.185: FOCUS: Setting X11 input focus for window 0xc00008 to 0xc00008
libmutter-Message: 12:44:40.185: FOCUS: Updating X11 focus window from 0x400003 to 0xc00008
libmutter-Message: 12:44:40.185: FOCUS: 0x400003 is now the previous focus window due to being focused out or unmapped
libmutter-Message: 12:44:40.185: FOCUS: * Focus --> 0xc00008
libmutter-Message: 12:44:40.186: FOCUS: Sending WM_TAKE_FOCUS to 0xc00008 since take_focus = true
libmutter-Message: 12:44:40.186: FOCUS: WM_TAKE_FOCUS(0xc00008, 15258)
libmutter-Message: 12:44:40.186: KEYBINDINGS: Ungrabbing keybinding keycode 65 mask 0x8 on 0x400003
libmutter-Message: 12:44:40.186: KEYBINDINGS: Ungrabbing keybinding keycode 115 mask 0x41 on 0x400003
libmutter-Message: 12:44:40.186: KEYBINDINGS: Ungrabbing keybinding keycode 111 mask 0xd on 0x400003
libmutter-Message: 12:44:40.186: KEYBINDINGS: Ungrabbing keybinding keycode 117 mask 0x41 on 0x400003
libmutter-Message: 12:44:40.186: KEYBINDINGS: Ungrabbing keybinding keycode 73 mask 0x8 on 0x400003
libmutter-Message: 12:44:40.186: KEYBINDINGS: Ungrabbing keybinding keycode 114 mask 0x41 on 0x400003
libmutter-Message: 12:44:40.186: KEYBINDINGS: Ungrabbing keybinding keycode 76 mask 0x8 on 0x400003
libmutter-Message: 12:44:40.186: KEYBINDINGS: Ungrabbing keybinding keycode 114 mask 0x40 on 0x400003
libmutter-Message: 12:44:40.186: KEYBINDINGS: Ungrabbing keybinding keycode 111 mask 0x41 on 0x400003
libmutter-Message: 12:44:40.186: KEYBINDINGS: Ungrabbing keybinding keycode 43 mask 0x40 on 0x400003
libmutter-Message: 12:44:40.186: KEYBINDINGS: Ungrabbing keybinding keycode 113 mask 0xd on 0x400003
libmutter-Message: 12:44:40.186: KEYBINDINGS: Ungrabbing keybinding keycode 71 mask 0x8 on 0x400003
libmutter-Message: 12:44:40.186: KEYBINDINGS: Ungrabbing keybinding keycode 114 mask 0x49 on 0x400003
libmutter-Message: 12:44:40.186: KEYBINDINGS: Ungrabbing keybinding keycode 110 mask 0x41 on 0x400003
libmutter-Message: 12:44:40.186: KEYBINDINGS: Ungrabbing keybinding keycode 111 mask 0x40 on 0x400003
libmutter-Message: 12:44:40.186: KEYBINDINGS: Ungrabbing keybinding keycode 113 mask 0x49 on 0x400003
libmutter-Message: 12:44:40.186: KEYBINDINGS: Ungrabbing keybinding keycode 116 mask 0x40 on 0x400003
libmutter-Message: 12:44:40.186: KEYBINDINGS: Ungrabbing keybinding keycode 113 mask 0x41 on 0x400003
libmutter-Message: 12:44:40.186: KEYBINDINGS: Ungrabbing keybinding keycode 70 mask 0x8 on 0x400003
libmutter-Message: 12:44:40.186: KEYBINDINGS: Ungrabbing keybinding keycode 113 mask 0x40 on 0x400003
libmutter-Message: 12:44:40.186: KEYBINDINGS: Ungrabbing keybinding keycode 116 mask 0x41 on 0x400003
libmutter-Message: 12:44:40.186: KEYBINDINGS: Ungrabbing keybinding keycode 112 mask 0x41 on 0x400003
libmutter-Message: 12:44:40.186: KEYBINDINGS: Ungrabbing keybinding keycode 74 mask 0x8 on 0x400003
libmutter-Message: 12:44:40.186: KEYBINDINGS: Ungrabbing keybinding keycode 107 mask 0x8 on 0x400003
libmutter-Message: 12:44:40.187: KEYBINDINGS: Ungrabbing keybinding keycode 218 mask 0x8 on 0x400003
libmutter-Message: 12:44:40.187: KEYBINDINGS: Ungrabbing keybinding keycode 116 mask 0xd on 0x400003
libmutter-Message: 12:44:40.187: KEYBINDINGS: Ungrabbing keybinding keycode 114 mask 0xd on 0x400003
libmutter-Message: 12:44:40.187: FOCUS: Focus out event received on  0x400003 (unknown window) mode NotifyNormal detail NotifyAncestor serial 902
libmutter-Message: 12:44:40.187: FOCUS: Focus in event received on  0x21f (root window) mode NotifyNormal detail NotifyAncestor serial 902
libmutter-Message: 12:44:40.187: FOCUS: Focus out event received on 0xc00008 0xc00008 (client window) mode NotifyNormal detail NotifyAncestor serial 907
libmutter-Message: 12:44:40.187: FOCUS: Ignoring focus event generated by a grab or other weirdness
libmutter-Message: 12:44:40.187: FOCUS: Focus out event received on  0x21f (root window) mode NotifyNormal detail NotifyAncestor serial 907
libmutter-Message: 12:44:40.187: FOCUS: Ignoring focus out with NotifyInferior
libmutter-Message: 12:44:40.187: FOCUS: Focus in event received on 0xc00008 0xc00008 (client window) mode NotifyNormal detail NotifyAncestor serial 907
libmutter-Message: 12:44:40.189: FOCUS: Focus out event received on 0xc00008 0xc00008 (client window) mode NotifyNormal detail NotifyAncestor serial 926
libmutter-Message: 12:44:40.189: FOCUS: Ignoring focus out with NotifyInferior
** Message: 12:44:40.192: Shutting down GNOME Shell
libmutter-Message: 12:44:40.252: FOCUS: Focusing default window since we're unmanaging 0xc00008
Window manager warning: META_CURRENT_TIME used to choose focus window; focus window may not be correct.
libmutter-Message: 12:44:40.252: FOCUS: Focusing MRU window excluding 0xc00008
libmutter-Message: 12:44:40.252: FOCUS: No MRU window to focus found; focusing no_focus_window.
libmutter-Message: 12:44:40.252: FOCUS: Setting X11 input focus for window none to 0x600003
libmutter-Message: 12:44:40.252: FOCUS: Updating X11 focus window from 0xc00008 to 0x600003
libmutter-Message: 12:44:40.252: FOCUS: 0xc00008 is now the previous focus window due to being focused out or unmapped
libmutter-Message: 12:44:40.252: FOCUS: * Focus --> NULL
libmutter-Message: 12:44:40.252: KEYBINDINGS: Ungrabbing keybinding keycode 65 mask 0x8 on 0xc00008
libmutter-Message: 12:44:40.252: KEYBINDINGS: Ungrabbing keybinding keycode 115 mask 0x41 on 0xc00008
libmutter-Message: 12:44:40.252: KEYBINDINGS: Ungrabbing keybinding keycode 111 mask 0xd on 0xc00008
libmutter-Message: 12:44:40.252: KEYBINDINGS: Ungrabbing keybinding keycode 117 mask 0x41 on 0xc00008
libmutter-Message: 12:44:40.252: KEYBINDINGS: Ungrabbing keybinding keycode 73 mask 0x8 on 0xc00008
libmutter-Message: 12:44:40.253: KEYBINDINGS: Ungrabbing keybinding keycode 114 mask 0x41 on 0xc00008
libmutter-Message: 12:44:40.253: KEYBINDINGS: Ungrabbing keybinding keycode 76 mask 0x8 on 0xc00008
libmutter-Message: 12:44:40.253: KEYBINDINGS: Ungrabbing keybinding keycode 114 mask 0x40 on 0xc00008
libmutter-Message: 12:44:40.253: KEYBINDINGS: Ungrabbing keybinding keycode 111 mask 0x41 on 0xc00008
libmutter-Message: 12:44:40.253: KEYBINDINGS: Ungrabbing keybinding keycode 43 mask 0x40 on 0xc00008
libmutter-Message: 12:44:40.253: KEYBINDINGS: Ungrabbing keybinding keycode 113 mask 0xd on 0xc00008
libmutter-Message: 12:44:40.253: KEYBINDINGS: Ungrabbing keybinding keycode 71 mask 0x8 on 0xc00008
libmutter-Message: 12:44:40.253: KEYBINDINGS: Ungrabbing keybinding keycode 114 mask 0x49 on 0xc00008
libmutter-Message: 12:44:40.253: KEYBINDINGS: Ungrabbing keybinding keycode 110 mask 0x41 on 0xc00008
libmutter-Message: 12:44:40.253: KEYBINDINGS: Ungrabbing keybinding keycode 111 mask 0x40 on 0xc00008
libmutter-Message: 12:44:40.253: KEYBINDINGS: Ungrabbing keybinding keycode 113 mask 0x49 on 0xc00008
libmutter-Message: 12:44:40.253: KEYBINDINGS: Ungrabbing keybinding keycode 116 mask 0x40 on 0xc00008
libmutter-Message: 12:44:40.253: KEYBINDINGS: Ungrabbing keybinding keycode 113 mask 0x41 on 0xc00008
libmutter-Message: 12:44:40.253: KEYBINDINGS: Ungrabbing keybinding keycode 70 mask 0x8 on 0xc00008
libmutter-Message: 12:44:40.253: KEYBINDINGS: Ungrabbing keybinding keycode 113 mask 0x40 on 0xc00008
libmutter-Message: 12:44:40.253: KEYBINDINGS: Ungrabbing keybinding keycode 116 mask 0x41 on 0xc00008
libmutter-Message: 12:44:40.253: KEYBINDINGS: Ungrabbing keybinding keycode 112 mask 0x41 on 0xc00008
libmutter-Message: 12:44:40.253: KEYBINDINGS: Ungrabbing keybinding keycode 74 mask 0x8 on 0xc00008
libmutter-Message: 12:44:40.253: KEYBINDINGS: Ungrabbing keybinding keycode 107 mask 0x8 on 0xc00008
libmutter-Message: 12:44:40.253: KEYBINDINGS: Ungrabbing keybinding keycode 218 mask 0x8 on 0xc00008
libmutter-Message: 12:44:40.253: KEYBINDINGS: Ungrabbing keybinding keycode 116 mask 0xd on 0xc00008
libmutter-Message: 12:44:40.253: KEYBINDINGS: Ungrabbing keybinding keycode 114 mask 0xd on 0xc00008
libmutter-Message: 12:44:40.254: KEYBINDINGS: Ungrabbing keybinding keycode 133 mask 0x0 on 0x21f
libmutter-Message: 12:44:40.254: KEYBINDINGS: Ungrabbing keybinding keycode 37 mask 0x0 on 0x21f
libmutter-Message: 12:44:40.254: KEYBINDINGS: Ungrabbing keybinding keycode 161 mask 0x0 on 0x21f
libmutter-Message: 12:44:40.254: KEYBINDINGS: Ungrabbing keybinding keycode 15 mask 0x44 on 0x21f
libmutter-Message: 12:44:40.254: KEYBINDINGS: Ungrabbing keybinding keycode 14 mask 0x44 on 0x21f
libmutter-Message: 12:44:40.254: KEYBINDINGS: Ungrabbing keybinding keycode 49 mask 0x40 on 0x21f
libmutter-Message: 12:44:40.254: KEYBINDINGS: Ungrabbing keybinding keycode 14 mask 0x40 on 0x21f
libmutter-Message: 12:44:40.255: KEYBINDINGS: Ungrabbing keybinding keycode 110 mask 0x40 on 0x21f
libmutter-Message: 12:44:40.255: KEYBINDINGS: Ungrabbing keybinding keycode 23 mask 0x8 on 0x21f
libmutter-Message: 12:44:40.255: KEYBINDINGS: Ungrabbing keybinding keycode 49 mask 0x9 on 0x21f
libmutter-Message: 12:44:40.255: KEYBINDINGS: Ungrabbing keybinding keycode 15 mask 0x40 on 0x21f
libmutter-Message: 12:44:40.255: KEYBINDINGS: Ungrabbing keybinding keycode 13 mask 0x40 on 0x21f
libmutter-Message: 12:44:40.255: KEYBINDINGS: Ungrabbing keybinding keycode 10 mask 0x40 on 0x21f
libmutter-Message: 12:44:40.255: KEYBINDINGS: Ungrabbing keybinding keycode 55 mask 0x40 on 0x21f
libmutter-Message: 12:44:40.255: KEYBINDINGS: Ungrabbing keybinding keycode 49 mask 0x8 on 0x21f
libmutter-Message: 12:44:40.255: KEYBINDINGS: Ungrabbing keybinding keycode 107 mask 0x1 on 0x21f
libmutter-Message: 12:44:40.255: KEYBINDINGS: Ungrabbing keybinding keycode 218 mask 0x1 on 0x21f
libmutter-Message: 12:44:40.256: KEYBINDINGS: Ungrabbing keybinding keycode 115 mask 0x40 on 0x21f
libmutter-Message: 12:44:40.256: KEYBINDINGS: Ungrabbing keybinding keycode 68 mask 0x8 on 0x21f
libmutter-Message: 12:44:40.256: KEYBINDINGS: Ungrabbing keybinding keycode 111 mask 0x48 on 0x21f
libmutter-Message: 12:44:40.256: KEYBINDINGS: Ungrabbing keybinding keycode 18 mask 0x44 on 0x21f
libmutter-Message: 12:44:40.256: KEYBINDINGS: Ungrabbing keybinding keycode 114 mask 0xc on 0x21f
libmutter-Message: 12:44:40.256: KEYBINDINGS: Ungrabbing keybinding keycode 13 mask 0x44 on 0x21f
libmutter-Message: 12:44:40.256: KEYBINDINGS: Ungrabbing keybinding keycode 10 mask 0x44 on 0x21f
libmutter-Message: 12:44:40.256: KEYBINDINGS: Ungrabbing keybinding keycode 38 mask 0x40 on 0x21f
libmutter-Message: 12:44:40.256: KEYBINDINGS: Ungrabbing keybinding keycode 27 mask 0xd on 0x21f
libmutter-Message: 12:44:40.256: KEYBINDINGS: Ungrabbing keybinding keycode 111 mask 0xc on 0x21f
libmutter-Message: 12:44:40.257: KEYBINDINGS: Ungrabbing keybinding keycode 49 mask 0x41 on 0x21f
libmutter-Message: 12:44:40.257: KEYBINDINGS: Ungrabbing keybinding keycode 9 mask 0xc on 0x21f
libmutter-Message: 12:44:40.257: KEYBINDINGS: Ungrabbing keybinding keycode 23 mask 0xd on 0x21f
libmutter-Message: 12:44:40.257: KEYBINDINGS: Ungrabbing keybinding keycode 16 mask 0x40 on 0x21f
libmutter-Message: 12:44:40.257: KEYBINDINGS: Ungrabbing keybinding keycode 107 mask 0x0 on 0x21f
libmutter-Message: 12:44:40.257: KEYBINDINGS: Ungrabbing keybinding keycode 218 mask 0x0 on 0x21f
libmutter-Message: 12:44:40.257: KEYBINDINGS: Ungrabbing keybinding keycode 23 mask 0x40 on 0x21f
libmutter-Message: 12:44:40.257: KEYBINDINGS: Ungrabbing keybinding keycode 114 mask 0x48 on 0x21f
libmutter-Message: 12:44:40.257: KEYBINDINGS: Ungrabbing keybinding keycode 17 mask 0x40 on 0x21f
libmutter-Message: 12:44:40.257: KEYBINDINGS: Ungrabbing keybinding keycode 112 mask 0x40 on 0x21f
libmutter-Message: 12:44:40.257: KEYBINDINGS: Ungrabbing keybinding keycode 9 mask 0x41 on 0x21f
libmutter-Message: 12:44:40.257: KEYBINDINGS: Ungrabbing keybinding keycode 40 mask 0x40 on 0x21f
libmutter-Message: 12:44:40.257: KEYBINDINGS: Ungrabbing keybinding keycode 113 mask 0x48 on 0x21f
libmutter-Message: 12:44:40.258: KEYBINDINGS: Ungrabbing keybinding keycode 72 mask 0x9 on 0x21f
libmutter-Message: 12:44:40.258: KEYBINDINGS: Ungrabbing keybinding keycode 11 mask 0x44 on 0x21f
libmutter-Message: 12:44:40.258: KEYBINDINGS: Ungrabbing keybinding keycode 12 mask 0x40 on 0x21f
libmutter-Message: 12:44:40.258: KEYBINDINGS: Ungrabbing keybinding keycode 9 mask 0xd on 0x21f
libmutter-Message: 12:44:40.258: KEYBINDINGS: Ungrabbing keybinding keycode 113 mask 0xc on 0x21f
libmutter-Message: 12:44:40.258: KEYBINDINGS: Ungrabbing keybinding keycode 9 mask 0x9 on 0x21f
libmutter-Message: 12:44:40.258: KEYBINDINGS: Ungrabbing keybinding keycode 12 mask 0x44 on 0x21f
libmutter-Message: 12:44:40.258: KEYBINDINGS: Ungrabbing keybinding keycode 117 mask 0x40 on 0x21f
libmutter-Message: 12:44:40.258: KEYBINDINGS: Ungrabbing keybinding keycode 235 mask 0x0 on 0x21f
libmutter-Message: 12:44:40.258: KEYBINDINGS: Ungrabbing keybinding keycode 23 mask 0x41 on 0x21f
libmutter-Message: 12:44:40.258: KEYBINDINGS: Ungrabbing keybinding keycode 18 mask 0x40 on 0x21f
libmutter-Message: 12:44:40.258: KEYBINDINGS: Ungrabbing keybinding keycode 65 mask 0x40 on 0x21f
libmutter-Message: 12:44:40.258: KEYBINDINGS: Ungrabbing keybinding keycode 57 mask 0x40 on 0x21f
libmutter-Message: 12:44:40.259: KEYBINDINGS: Ungrabbing keybinding keycode 116 mask 0xc on 0x21f
libmutter-Message: 12:44:40.259: KEYBINDINGS: Ungrabbing keybinding keycode 16 mask 0x44 on 0x21f
libmutter-Message: 12:44:40.259: KEYBINDINGS: Ungrabbing keybinding keycode 23 mask 0x9 on 0x21f
libmutter-Message: 12:44:40.259: KEYBINDINGS: Ungrabbing keybinding keycode 116 mask 0x48 on 0x21f
libmutter-Message: 12:44:40.259: KEYBINDINGS: Ungrabbing keybinding keycode 72 mask 0x8 on 0x21f
libmutter-Message: 12:44:40.259: KEYBINDINGS: Ungrabbing keybinding keycode 9 mask 0x8 on 0x21f
libmutter-Message: 12:44:40.259: KEYBINDINGS: Ungrabbing keybinding keycode 9 mask 0x40 on 0x21f
libmutter-Message: 12:44:40.259: KEYBINDINGS: Ungrabbing keybinding keycode 39 mask 0x40 on 0x21f
libmutter-Message: 12:44:40.259: KEYBINDINGS: Ungrabbing keybinding keycode 65 mask 0x41 on 0x21f
libmutter-Message: 12:44:40.259: KEYBINDINGS: Ungrabbing keybinding keycode 17 mask 0x44 on 0x21f
libmutter-Message: 12:44:40.259: KEYBINDINGS: Ungrabbing keybinding keycode 23 mask 0xc on 0x21f
libmutter-Message: 12:44:40.259: KEYBINDINGS: Ungrabbing keybinding keycode 33 mask 0x40 on 0x21f
libmutter-Message: 12:44:40.259: KEYBINDINGS: Ungrabbing keybinding keycode 11 mask 0x40 on 0x21f
libmutter-Message: 12:44:40.259: KEYBINDINGS: Ungrabbing keybinding keycode 58 mask 0x40 on 0x21f
